Method,NumTiles,TimeSec,Budgets,Costs,FOMs,Path
D0,834,3.52846e+09,50 100 200 300 400 500 600 700 800 900 1000 1100 1200,49.7756 99.6778 199.307 298.937 395.349 499.343 593.666 699.094 799.401 899.344 999.299 1099.84 1199.77,0.174959 0.0275611 0.116358 0.14468 0.0647103 0.00717632 0.0184682 0.0363365 0.0580499 0.0826048 0.0879838 0.0253522 0.0130854,0 1 20 25 27 18 33 9 21 7 12 43 3 22 37 10 23 29 19 11 6 13 42 2 8 41 14 4 17 24 5 15 35 40 16 39 28 26 30 36 34 32 31 38 44 45 46 47 86 1114 1109 1140 1103 1100 874 845 861 797 731 781 795 172 183 57 136 432 274 379 1068 554 462 293 494 575 1067 1141 777 839 1139 993 1013 830 655 605 549 684 643 951 629 454 369 259 247 481 520 734 883 968 678 470 410 564 618 887 1155 824 774 773 578 535 501 492 524 503 477 513 539 528 544 852 810 373 242 214 178 170 173 137 104 107 114 92 94 208 157 133 159 350 368 340 295 249 327 292 262 265 323 331 330 405 457 699 1132 484 666 1120 937 560 414 288 189 163 96 113 103 52 83 98 77 73 131 112 582 496 440 458 364 191 150 127 59 76 225 179 158 190 279 54 61 134 85 271 255 306 310 237 201 511 212 64 70 72 63 71 110 171 215 377 594 1020 537 352 219 108 68 60 51 88 129 124 148 217 534 385 325 353 251 182 521 147 111 74 66 102 167 347 548 1005 696 378 258 105 89 97 120 221 391 290 185 101 93 100 192 389 621 898 483 195 126 69 149 465 227 165 75 135 229 536 1069 561 372 146 121 122 125 117 180 406 716 994 532 236 143 119 311 140 118 196 333 235 115 181 302 756 1065 650 519 338 164 555 266 966 957 488 207 268 422 842 1025 155 160 261 138 230 206 278 156 254 358 630 349 184 198 203 312 502 837 479 291 197 234 187 304 267 301 210 285 314 541 461 723 698 400 384 709 448 704 693 623 592 399 226 366 409 273 220 270 223 264 239 211 248 360 335 449 710 486 506 832 695 435 233 576 959 808 354 244 280 507 670 380 950 412 726 779 425 714 431 176 141 154 382 238 598 430 921 297 434 263 463 689 200 585 915 361 552 691 1039 620 260 365 780 899 583 615 854 1023 983 1024 527 603 638 1106 570 550 579 308 1082 1122 1018 767 736 685 1054 875 489 392 357 701 624 930 829 420 193 81 299 683 241 450 1006 822 1197 944 132 252 451 644 589 1183 908 717 665 1026 918 761 826 1000 1066 828 799 892 1008 1135 997 1102 934 900 813 896 903 946 1099 1015 1027 1029 1096 1089 1092 1007 971 961 553 166 370 78 228 67 374 204 90 367 222 631 388 818 1148 838 508 313 153 359 646 977 397 216 65 53 48 99 253 106 58 383 490 674 500 658 401 572 415 866 728 697 722 752 713 770 788 814 916 974 888 827 509 1146 1075 1055 1057 985 1094 1093 1144 1189 1041 755 517 376 162 128 321 499 798 1149 1143 784 627 724 817 1050 529 287 309 497 298 186 80 144 82 177 109 856 611 626 877 1056 857 445 343 348 202 188 169 272 332 472 721 816 1047 601 283 250 175 328 209 116 95 56 123 62 87 1174 1010 740 286 50 151 79 49 55 476 337 152 581 416 1037 628 729 999 1157 909 437 130 91 84 224 199 345 469 880 316 145 300 142 161 194 139 168 356 495 1062 835 441 315 1044 577 174 232 205 213 305 418 639 1031 931 542 424 256 243 218 319 433 872 468 1111 559 421 294 284 296 231 307 362 447 403 515 732 1123 569 862 894 634 473 442 596 417 402 375 381 393 317 346 446 587 429 562 1002 969 1084 868 988 796 1033 907 741 547 566 443 471 590 474 439 464 455 453 531 863 671 632 853 493 763 1048 1077 676 516 459 504 580 556 661 995 702 982 960 922 935 948 890 1046 858 943 633 614 591 584 545 622 703 565 505 540 586 543 613 522 588 681 749 764 640 597 664 867 970 972 998 869 1052 1083 653 538 498 518 600 744 803 593 733 694 737 754 595 558 573 637 751 617 766 991 760 936 825 659 690 686 682 769 886 712 636 652 762 925 747 906 926 870 738 746 648 668 789 791 673 606 599 647 786 619 642 688 884 831 1694
D1,832,3.02982e+09,50 100 200 300 400 500 600 700 800 900 1000 1100 1200,49.2678 99.8725 199.097 299.601 398.536 499.642 599.309 699.437 799.91 899.3 999.657 1099.23 1199.79,0.152242 0.152436 0.0080121 0.0190475 0.06148 0.0632439 0.0917188 0.0788459 0.0652132 0.0501766 0.077477 0.0246476 0.0127354,0 1 91 84 95 56 82 62 87 80 49 55 79 20 78 25 50 65 48 53 27 99 67 33 18 47 86 12 9 106 21 58 7 3 43 90 22 37 81 13 11 6 19 29 10 23 132 136 57 41 14 2 42 150 8 17 59 127 4 5 24 76 16 15 35 40 28 39 26 61 54 85 30 36 94 92 34 32 73 77 31 38 44 46 45 52 64 70 72 63 71 51 60 68 66 74 221 314 541 723 461 285 210 211 248 360 335 187 234 366 409 273 693 704 448 223 220 267 270 384 709 698 400 264 239 301 449 710 486 304 506 837 832 479 291 143 125 101 105 696 378 1005 548 347 258 93 100 192 69 149 165 75 126 621 389 195 898 483 229 135 121 146 536 1069 372 117 180 561 406 716 532 994 714 431 196 412 726 333 779 425 235 118 176 236 141 140 164 115 181 138 261 160 207 268 155 156 206 184 233 354 244 280 230 380 950 670 507 808 959 576 435 695 502 312 197 226 203 198 399 623 1019 592 630 349 254 278 358 1025 842 422 957 966 488 302 756 266 555 1065 650 338 311 519 382 154 119 238 598 430 921 1131 434 297 122 263 463 689 227 465 200 585 915 691 1039 391 290 552 361 185 120 537 167 352 1020 594 219 102 89 97 108 377 937 560 1120 666 414 699 1132 373 484 163 189 288 215 171 110 111 147 365 260 620 780 899 521 182 583 854 615 325 148 496 440 458 179 158 190 364 225 191 392 357 193 299 241 367 222 313 153 508 359 216 397 286 151 337 152 416 199 123 224 345 628 1037 581 1010 476 740 977 646 838 1148 818 944 388 631 822 1006 450 683 829 930 420 624 701 875 1054 489 685 736 767 1018 1122 1082 582 279 308 579 271 131 112 255 550 570 306 310 638 1106 603 527 237 201 534 217 212 511 1024 983 1023 385 353 251 88 129 124 103 113 178 214 96 242 457 810 405 544 852 330 170 874 1153 528 539 323 331 173 83 98 104 137 265 861 845 513 477 262 107 114 327 292 503 159 133 157 208 247 259 369 172 183 494 454 293 432 549 684 643 629 575 520 481 470 410 350 368 535 340 134 295 249 524 501 492 795 781 731 797 1100 1103 1140 1109 1114 773 774 578 824 564 887 883 618 678 968 1067 734 777 1141 1139 839 951 993 1013 1068 830 908 918 1026 717 761 826 1000 1066 1135 1008 828 752 722 665 644 554 655 605 462 274 379 451 589 697 713 770 799 892 997 1102 1099 1015 934 900 813 788 728 674 490 383 252 204 374 500 658 866 896 903 946 1027 1029 1096 1089 1092 1007 971 961 916 814 572 401 253 228 415 553 888 974 985 1057 1055 1075 1146 1144 1093 1094 1041 827 509 370 166 162 128 755 517 376 321 499 798 1149 1143 784 497 309 144 186 298 627 817 1050 1047 724 529 287 177 109 209 328 601 816 721 472 283 175 116 130 145 316 469 729 999 880 437 300 168 139 142 250 332 611 856 877 626 348 272 169 161 194 356 495 909 1062 835 441 1044 577 315 174 188 202 343 445 857 1056 1031 931 542 639 418 305 213 205 232 433 872 468 319 218 243 256 424 296 284 307 403 362 447 515 732 1123 569 862 894 634 473 442 596 417 402 375 381 393 317 346 446 587 429 231 294 421 559 1111 1002 562 969 1084 868 988 796 1033 907 741 547 566 443 471 590 474 439 464 455 453 531 863 671 632 853 493 763 1048 1077 676 516 459 504 580 556 661 995 702 982 744 600 518 498 538 653 1083 1052 622 869 998 972 614 617 766 991 943 751 858 1046 890 948 935 733 922 960 803 593 540 505 586 694 737 754 637 584 681 588 545 703 565 543 613 522 595 558 573 591 749 764 970 640 867 633 760 936 825 664 597 647 786 870 738 599 659 619 642 831 688 606 673 884 791 789 668 648 746 926 906 925 747 762 686 690 682 911 652 769 886 712 636 1694
D2,832,1.63566e+09,50 100 200 300 400 500 600 700 800 900 1000 1100 1200,49.8192 99.5827 199.735 299.739 399.653 498.937 599.395 699.683 799.623 899.527 997.347 1088.71 1199.39,0.120057 0.150882 0.225007 0.0649198 0.0474306 0.0350489 0.0347365 0.0149069 0.0462846 0.054497 0.0428295 0.0132887 0.00738068,0 1 130 145 168 139 169 174 161 142 175 116 109 177 91 84 56 95 186 82 49 55 152 87 123 62 144 80 128 79 162 78 20 151 50 25 166 99 27 48 65 216 153 53 47 18 67 33 21 7 12 43 222 86 9 106 204 58 23 3 90 241 37 81 193 13 6 11 19 22 10 132 29 136 57 183 172 41 2 14 8 42 150 17 59 127 4 5 24 191 225 76 179 16 15 35 157 208 40 28 39 158 190 61 26 133 159 30 54 85 36 134 94 34 112 131 32 92 114 31 73 77 38 107 104 137 173 170 178 103 45 46 44 98 83 52 64 148 124 129 163 96 113 70 72 63 71 110 171 74 111 147 88 51 60 68 108 97 120 66 102 167 105 89 101 93 149 100 69 165 126 75 122 135 121 146 125 117 119 143 154 141 140 118 115 138 181 215 430 921 297 434 1131 263 463 689 227 465 200 361 585 915 552 185 290 780 899 583 615 854 1023 983 1024 527 603 638 1106 570 550 579 1082 1122 1018 767 736 1054 875 701 624 930 829 683 1006 367 388 313 508 359 397 286 337 416 199 224 469 316 300 495 356 194 315 188 250 283 328 209 287 627 298 309 321 376 509 370 415 228 401 253 374 490 383 252 379 554 655 605 549 462 274 432 293 494 454 369 259 247 470 618 410 350 564 578 368 340 295 249 327 292 262 265 323 331 330 214 242 373 189 288 414 560 1120 666 484 1132 699 457 405 810 852 544 528 539 874 845 513 477 503 524 492 501 535 773 795 781 731 797 861 1100 1103 1140 1109 1114 774 824 887 883 968 1067 777 734 678 481 520 575 629 951 839 1141 1139 993 643 684 1013 1068 830 908 918 1026 717 761 826 1000 1066 1135 1008 828 752 722 665 644 451 589 697 713 770 799 892 997 1102 1099 1015 934 900 813 788 728 674 500 658 866 896 903 946 1027 1029 1096 1089 1092 1007 971 961 916 814 572 553 888 974 985 1057 1055 1075 1146 1144 1093 1094 1041 827 517 755 499 798 1149 497 784 1143 1050 817 529 724 1047 816 601 472 721 332 611 856 877 626 348 272 202 343 445 857 1056 1031 639 418 305 213 205 232 319 218 243 256 424 542 931 1123 862 569 732 447 362 515 403 307 284 296 231 429 587 446 346 317 393 473 634 894 596 417 402 442 375 471 590 474 439 464 455 493 453 531 863 671 632 853 763 1048 1077 1083 653 676 516 459 504 580 744 600 518 498 538 505 586 694 737 522 613 543 565 703 1052 869 998 972 970 911 652 682 690 686 769 886 789 791 884 688 648 762 925 747 636 712 668 673 606 906 746 926 738 599 659 870 664 619 642 831 786 647 867 640 764 749 681 622 545 588 584 591 617 633 614 597 760 825 936 991 766 751 573 558 595 637 754 858 943 1046 890 948 935 733 540 593 922 803 960 982 702 556 661 995 907 741 547 381 443 796 1033 988 566 868 1084 969 562 294 421 1002 559 1111 468 872 433 577 1044 441 835 1062 909 437 880 999 729 345 628 1037 581 1010 476 740 977 646 838 1148 818 944 631 822 450 299 420 357 392 489 685 364 458 440 496 582 279 308 271 255 306 310 237 201 212 217 511 534 385 325 353 251 182 521 365 260 620 1039 691 391 221 377 937 594 219 352 1020 537 347 548 1005 696 378 258 192 389 621 195 483 898 229 536 1069 561 372 236 196 695 959 576 808 507 354 280 380 670 950 412 230 160 261 726 779 333 235 425 714 431 994 532 176 716 406 180 238 598 382 519 311 650 1065 1179 756 555 338 164 266 302 156 278 206 155 207 268 488 966 957 422 358 842 1025 630 349 506 304 187 197 291 479 837 832 502 435 312 226 399 203 233 244 184 254 198 592 1019 623 366 234 220 273 409 693 704 448 709 384 270 223 335 449 710 486 267 301 239 264 211 360 248 210 314 541 285 461 723 400 698 1694
D3,837,2.31329e+09,50 100 200 300 400 500 600 700 800 900 1000 1100 1200,49.5245 99.5249 199.422 299.715 399.586 482.024 596.198 696.586 799.964 899.426 999.283 1099.02 1199.63,0.103471 0.0702943 0.230886 0.210477 0.0295642 0.0316745 0.00622975 0.019541 0.0421985 0.0288045 0.0160546 0.0335577 0.0346763,0 1 137 104 292 262 265 173 170 178 214 242 96 113 103 45 46 44 83 52 64 70 72 163 189 288 215 171 110 71 63 88 51 60 68 108 219 167 102 66 120 97 89 105 258 192 100 93 200 227 165 263 122 121 125 238 154 141 140 164 181 207 160 155 156 198 184 206 230 138 235 115 196 118 176 236 143 119 180 117 146 229 135 75 195 126 69 149 101 185 290 221 260 74 111 147 182 251 129 124 148 217 212 201 237 98 131 255 306 73 77 38 107 31 32 34 208 157 133 159 134 295 249 114 92 94 36 112 271 308 85 54 30 26 61 279 190 39 28 40 41 11 19 357 42 150 8 17 4 5 24 191 225 76 158 179 16 15 35 59 247 259 127 14 172 183 293 274 132 252 23 22 3 10 29 136 57 2 13 193 81 6 37 299 241 90 222 367 43 204 58 21 7 253 106 33 9 12 86 47 313 153 18 53 65 216 48 27 67 228 99 166 25 50 286 151 20 78 162 79 321 128 80 49 55 152 199 87 62 91 209 109 287 177 298 186 309 144 82 123 224 56 95 84 145 300 130 116 175 283 250 142 139 168 194 161 169 272 202 188 174 232 205 213 218 243 256 231 294 284 296 305 418 900 1093 1144 1146 1075 1055 1027 1015 1099 1029 1096 1089 1092 1057 1007 971 946 934 1102 997 892 799 770 713 697 589 383 451 379 918 1026 908 1068 1013 830 717 761 826 1000 1066 1135 1008 828 752 722 665 644 655 554 462 432 605 549 494 454 369 629 643 684 993 951 839 777 575 520 1067 968 734 481 470 410 350 368 340 578 564 618 678 883 887 824 774 1114 1109 492 501 535 773 795 781 731 524 327 503 477 513 539 797 1103 1100 861 845 874 331 323 528 544 852 810 330 405 457 699 373 484 666 1120 414 560 937 377 594 1020 352 537 347 548 1005 378 696 389 621 483 898 536 1069 372 561 406 716 532 994 431 714 425 779 726 261 333 412 950 380 670 280 233 449 360 335 248 210 314 541 285 461 211 239 301 486 506 837 832 479 291 197 226 366 723 698 400 384 709 409 693 704 448 270 264 223 220 273 234 187 267 304 502 695 435 959 576 808 507 354 312 203 244 254 278 1025 592 623 399 349 630 358 842 957 966 302 268 422 488 756 266 555 1065 338 650 311 519 382 598 430 921 297 434 463 689 465 585 361 915 552 691 391 1039 620 780 365 899 521 583 615 854 1023 983 534 385 325 353 1024 511 527 603 310 638 1106 570 550 579 582 496 440 458 767 1018 1122 1082 364 736 685 489 875 1054 392 701 624 930 420 829 683 1006 450 822 631 388 944 818 508 359 838 977 740 646 397 433 468 1111 1194 868 446 346 474 588 690 686 682 652 648 746 906 747 925 762 636 769 886 712 789 668 673 791 884 688 606 738 926 870 936 991 943 766 760 825 659 599 642 831 786 591 749 972 764 970 867 640 647 619 664 597 633 614 617 573 751 858 1046 890 737 948 935 694 613 543 545 998 681 584 558 637 754 595 522 622 869 1052 703 1083 540 518 498 538 653 565 505 586 733 1128 922 960 982 995 702 744 803 593 600 504 580 464 556 661 907 1158 1033 741 590 547 796 988 443 566 587 1084 969 429 562 1002 421 559 319 872 1156 577 1044 441 315 356 495 835 1062 909 1157 437 316 880 999 469 729 345 628 1037 416 581 1010 476 337 370 415 572 401 814 813 788 728 674 490 374 500 658 866 896 903 961 916 974 985 888 553 509 827 376 517 1094 1041 755 499 798 1149 497 627 784 1143 1177 1186 1050 817 1047 724 529 328 601 816 1190 611 332 472 721 1151 856 1192 877 1154 445 343 348 626 857 1056 1031 639 424 542 402 417 596 442 375 471 381 317 393 473 569 447 362 307 403 515 931 1200 732 1123 1160 862 634 894 863 671 531 439 453 632 853 493 455 459 516 763 1077 676 1048 1116 1129 1694
D4,832,1.18195e+09,50 100 200 300 400 500 600 700 800 900 1000 1100 1200,49.2488 99.7775 199.72 298.378 399.907 499.238 599.736 697.627 798.913 899.928 998.929 1099.92 1199.48,0.06694 0.112428 0.214363 0.145867 0.153211 0.00684096 0.0169075 0.0244635 0.02406 0.0319271 0.0125618 0.0254469 0.0222,0 1 209 328 283 175 116 356 194 315 174 232 319 294 231 284 307 346 317 381 375 393 362 296 256 243 218 205 213 305 343 202 188 161 169 272 348 332 250 142 139 168 300 145 130 91 109 287 298 177 80 79 65 50 20 55 49 151 286 397 337 152 416 199 87 62 56 123 345 224 316 84 95 82 186 309 144 321 128 376 162 370 67 106 23 7 3 9 21 12 86 43 22 90 241 299 81 420 193 357 392 42 13 6 11 208 247 259 369 454 172 183 293 432 274 379 451 252 58 383 204 374 253 401 228 415 166 78 25 99 27 48 53 216 359 153 18 33 47 313 388 222 367 450 37 10 132 29 19 136 57 41 2 127 4 14 8 150 191 17 35 59 5 15 24 225 364 76 179 26 340 368 134 159 133 350 410 157 28 40 16 39 158 190 61 30 54 279 308 85 36 94 32 31 104 262 265 323 331 330 214 242 373 288 189 163 96 113 103 52 83 98 46 45 178 170 173 137 44 38 107 114 292 327 249 295 92 34 112 271 255 131 73 306 310 77 237 201 212 217 385 325 353 251 182 365 260 391 290 185 361 200 227 165 263 297 125 238 382 154 311 338 164 266 302 207 268 278 206 280 244 233 203 197 187 220 273 234 226 198 184 254 156 155 230 160 138 181 115 235 261 333 196 118 140 141 176 236 143 119 117 180 372 146 121 122 75 135 229 195 126 69 149 101 93 100 192 378 258 105 89 97 120 221 147 111 74 66 102 167 347 352 219 108 68 60 51 88 129 124 148 64 70 72 63 71 110 171 215 377 414 666 314 541 723 461 285 210 211 248 360 335 620 824 887 883 968 1067 734 777 1141 1139 839 951 993 1013 684 643 629 575 520 481 470 678 618 564 578 774 501 535 773 1114 1109 795 731 797 1100 1103 1140 781 492 524 503 477 513 861 845 539 528 874 1153 544 852 810 405 457 699 1132 484 1120 560 937 594 1020 537 548 1005 696 389 621 483 898 536 1069 561 406 716 532 994 431 714 425 779 726 412 950 380 670 808 507 354 695 959 576 435 312 502 832 837 479 291 506 304 267 486 710 449 301 239 264 400 698 384 223 270 448 709 704 693 409 366 623 1019 399 592 349 630 1025 842 358 422 957 488 966 756 555 1065 650 519 598 430 921 434 1131 463 689 465 585 915 552 691 1039 780 899 521 583 615 854 1023 534 511 983 1024 527 603 638 1106 570 550 579 582 1082 1122 496 440 458 1018 767 736 685 489 1054 875 701 624 930 829 683 1006 822 631 944 818 508 1148 838 646 977 740 476 1010 581 1037 628 729 469 999 880 437 909 495 1062 835 441 1044 577 433 872 468 1111 559 1002 421 562 429 446 587 969 1084 868 988 443 566 796 1033 741 590 547 471 402 417 453 455 464 439 474 556 661 907 995 982 960 803 922 593 540 733 935 948 890 1046 858 943 991 617 573 591 614 640 867 647 786 831 884 791 789 712 690 686 682 769 886 652 762 925 747 636 668 648 906 746 606 673 688 642 619 738 599 659 926 870 936 825 760 664 597 633 766 751 637 558 584 749 764 970 972 998 681 869 1052 703 622 588 522 586 694 737 754 595 613 543 505 545 565 1083 653 538 498 518 600 744 702 580 504 459 516 676 1077 1048 763 493 853 632 671 531 596 863 894 634 442 473 447 569 862 1123 732 515 403 542 931 1031 639 424 418 857 1056 877 445 626 856 611 721 472 601 816 1047 724 529 627 817 1050 1143 784 497 1149 798 499 755 517 1041 1094 1093 1144 1146 1075 1055 1057 985 974 827 509 888 553 916 961 971 1007 1092 1089 1096 1029 1027 946 903 896 814 572 866 658 500 728 788 813 900 934 1015 1099 1102 997 892 799 770 713 674 490 589 697 722 752 828 1008 1135 1066 1000 826 1026 918 908 1068 830 655 717 761 665 644 554 462 605 549 494 1116 1694
D5,834,1.2056e+09,50 100 200 300 400 500 600 700 800 900 1000 1100 1200,49.3049 97.0535 199.072 299.647 399.716 499.687 599.965 699.556 799.936 899.048 995.428 1099.87 1199.32,0.0817999 0.0346425 0.0969419 0.202123 0.203352 0.121596 0.0120173 0.0203971 0.0225685 0.0214438 0.00986053 0.0089782 0.0215921,0 1 137 265 323 331 330 405 457 373 242 214 178 170 173 148 124 129 88 51 60 68 108 219 352 347 167 102 66 74 221 120 97 89 105 258 378 389 192 100 93 101 361 465 227 463 434 297 430 238 382 154 311 338 164 266 302 268 422 155 261 412 380 280 244 203 312 233 354 198 226 197 291 304 267 223 211 264 270 273 220 187 234 366 399 349 358 254 184 156 278 206 230 160 207 138 181 115 235 333 425 196 118 140 141 176 431 236 143 119 125 117 180 406 372 146 121 122 263 165 75 135 229 195 126 69 149 200 185 290 391 260 365 111 147 182 251 353 325 385 217 212 201 237 98 83 52 64 70 72 63 71 110 171 215 377 414 288 189 163 96 113 103 45 46 44 38 28 40 8 42 13 193 357 489 392 150 17 24 191 225 76 458 364 179 15 5 16 39 158 190 440 496 279 308 85 112 271 255 131 73 306 310 77 31 107 104 262 477 292 327 114 34 32 92 249 492 295 340 134 94 36 30 54 61 26 159 368 133 350 410 470 481 520 454 369 259 247 208 157 35 59 127 4 14 172 183 41 2 57 293 494 432 462 136 274 29 383 374 490 204 58 252 451 379 132 23 7 3 43 22 81 6 11 19 10 37 420 299 241 90 450 367 222 359 508 313 388 86 12 376 509 162 79 321 128 80 49 20 78 166 370 415 228 253 500 401 67 99 27 18 33 106 21 9 47 153 53 48 50 25 65 216 397 286 151 55 87 152 337 476 416 345 199 123 62 300 437 145 316 469 224 84 95 56 82 144 309 186 298 287 177 109 91 130 209 328 472 283 175 116 139 142 250 332 348 272 169 161 194 168 356 441 315 174 188 202 343 445 418 305 213 205 232 433 468 319 421 429 446 307 284 231 294 218 243 256 424 296 403 362 447 393 317 346 443 381 375 442 402 417 439 453 455 459 464 471 590 690 686 682 911 762 652 769 886 789 712 636 747 925 906 926 1061 936 991 760 825 870 746 648 668 673 791 884 688 606 738 659 664 619 599 642 831 1071 786 1080 867 493 1048 853 763 516 498 653 1083 1077 676 538 565 703 1052 869 622 522 584 588 681 1129 998 749 972 970 764 640 647 597 614 573 591 617 633 766 751 943 1127 1046 858 890 754 637 558 595 737 948 1163 1128 935 694 613 545 543 505 586 733 922 960 982 744 803 593 540 518 600 504 580 702 995 556 632 671 863 894 1116 1160 862 569 1123 732 1200 931 515 542 531 596 634 473 474 661 907 1158 741 547 1033 796 988 566 868 1084 587 969 562 1002 1111 559 497 798 499 755 517 827 888 553 572 658 674 697 589 644 554 655 908 684 830 605 549 643 629 575 777 734 1067 839 951 993 1013 1068 918 1026 752 722 665 717 761 826 1000 1066 828 1008 1135 1102 997 892 799 770 713 728 788 813 900 934 1015 1099 1096 1029 1027 946 903 896 866 814 916 961 971 1007 1092 1089 1075 1055 1057 985 974 1041 1094 1093 1143 784 627 817 1050 1047 724 529 601 816 721 1151 856 611 626 877 1154 1056 1031 639 857 872 1156 577 1044 835 1062 495 909 880 999 729 628 1037 581 1010 740 977 646 838 818 944 631 822 1006 683 829 930 624 701 875 1054 685 736 767 1018 1122 1082 582 579 550 570 1106 638 603 527 511 534 1024 983 1023 854 615 583 521 899 780 620 1039 691 552 915 585 689 921 598 519 650 1065 555 756 966 488 957 842 1025 630 592 623 693 704 448 709 384 400 698 723 461 541 314 285 210 248 360 335 239 301 449 486 506 837 832 502 479 409 435 695 959 576 808 507 670 950 726 779 714 994 532 716 561 1069 536 898 483 621 696 1005 548 537 1020 594 937 560 1120 666 484 699 810 852 544 528 539 513 874 845 861 1100 1103 797 503 524 731 781 795 501 535 578 564 618 678 968 883 887 824 774 773 1114 1109 1694
D6,832,1.74039e+09,50 100 200 300 400 500 600 700 800 900 1000 1100 1200,49.9599 99.8713 199.58 299.91 399.028 495.563 599.845 697.28 799.234 899.416 999.824 1099.87 1198.86,0.0547313 0.030827 0.174449 0.145554 0.197772 0.117261 0.0559287 0.00628898 0.00893576 0.0167144 0.017414 0.0130015 0.018324,0 1 529 287 209 328 472 283 175 116 123 55 65 216 397 286 151 476 337 581 416 199 345 469 224 56 437 495 356 441 315 577 433 468 559 421 294 562 429 231 307 362 296 284 446 566 443 547 471 442 417 531 453 455 493 459 516 538 545 522 543 505 540 498 518 504 464 556 439 474 402 375 381 346 317 393 473 569 447 515 403 542 424 256 243 218 319 232 205 213 305 418 445 343 202 188 174 194 161 169 272 348 332 250 142 139 168 300 130 145 316 84 91 109 177 95 82 62 152 87 49 80 144 186 298 497 309 499 321 517 509 553 415 370 376 128 79 162 78 20 50 25 48 47 7 58 23 252 383 490 374 204 21 12 9 33 106 500 253 401 572 166 99 228 67 27 18 53 359 508 153 313 86 388 631 90 43 222 367 450 241 299 624 420 193 527 511 534 385 325 353 251 484 373 242 214 178 170 173 265 262 477 513 539 528 544 457 405 330 331 323 137 104 107 292 327 503 524 249 295 492 501 340 134 159 133 368 535 578 618 564 350 410 157 40 208 470 481 172 14 41 369 454 494 462 549 432 132 29 10 3 22 37 81 19 11 6 13 8 2 183 293 57 136 274 379 451 589 644 554 605 643 629 575 520 259 247 59 127 4 5 35 15 16 179 76 24 17 150 42 357 392 489 191 225 364 458 158 26 28 39 61 94 36 30 54 85 114 92 34 32 131 112 308 279 190 440 496 582 579 271 255 550 570 306 310 77 73 31 38 44 46 45 103 113 96 163 189 288 414 560 377 215 171 110 71 63 72 70 64 52 83 98 237 201 212 217 148 124 129 88 51 60 68 108 219 352 537 548 347 167 102 66 74 111 147 182 521 365 260 221 120 97 89 105 258 378 389 192 100 93 101 185 290 391 552 361 200 149 69 126 195 483 536 229 135 75 165 227 465 463 263 122 121 146 372 406 180 117 125 297 434 430 238 119 143 236 532 431 176 141 154 382 519 311 338 266 181 302 207 138 160 155 422 488 268 156 278 358 349 211 239 384 264 448 270 223 301 267 220 304 187 273 409 366 234 197 291 312 203 226 399 198 254 184 435 233 354 244 206 280 380 230 261 235 115 164 140 118 196 425 333 412 726 670 808 507 314 541 723 461 285 210 248 360 335 576 959 695 502 832 479 837 506 710 486 449 400 698 709 704 693 623 1019 592 630 1025 842 957 966 756 1179 555 950 779 714 994 716 561 1065 650 598 921 1131 689 1069 898 621 696 1005 1020 594 937 1120 666 1132 699 810 852 874 845 861 797 1100 1103 731 781 1140 1109 1114 795 773 774 824 887 883 678 968 1067 734 777 1141 1139 839 951 993 1013 1068 918 1026 761 908 830 684 655 717 665 826 1000 1066 1135 1008 828 752 722 697 713 770 799 892 997 1102 1099 1015 934 900 813 788 728 674 658 866 896 903 946 1027 1029 1096 1089 1092 1007 971 961 916 814 888 974 985 1057 1055 1075 1146 1144 1093 1094 1041 827 755 798 1149 1143 784 627 817 1050 1047 724 601 816 721 611 856 626 877 857 1056 639 1031 931 732 1123 862 634 894 596 863 671 632 853 763 1048 676 1077 1083 653 565 703 1052 869 998 972 970 640 614 617 766 991 760 633 597 664 936 825 870 926 738 606 746 906 747 925 762 682 690 686 769 886 652 712 789 668 636 648 673 791 884 688 599 659 619 642 831 786 647 867 764 749 681 622 588 584 591 573 558 595 754 637 751 943 858 1046 890 737 948 694 613 586 593 733 935 922 960 803 600 744 982 580 702 995 661 907 590 741 1033 796 988 868 1084 587 969 1002 1111 872 1044 835 1062 909 880 999 729 628 1037 1010 740 977 646 838 1148 818 944 822 1006 683 829 930 701 875 1054 685 736 767 1018 1122 1082 1106 638 603 1024 983 1023 854 615 583 899 780 620 1039 915 585 691 1153 1694
D7,831,2.11873e+09,50 100 200 300 400 500 600 700 800 900 1000 1100 1200,49.8759 98.9488 199.272 299.424 399.003 499.138 599.176 699.753 779.946 899.48 999.291 1099.66 1199.5,0.0747013 0.0583037 0.0650038 0.169329 0.187625 0.123296 0.0383623 0.0817319 0.00553725 0.0102004 0.0157105 0.0118736 0.0154382,0 1 529 287 209 328 601 472 283 175 116 95 49 80 128 33 253 658 500 674 713 722 665 697 589 106 21 222 43 12 7 3 23 132 379 554 644 717 655 451 252 58 383 204 490 374 401 572 415 553 166 370 509 162 376 517 499 321 144 82 309 497 627 298 186 177 109 130 168 139 142 250 332 611 626 348 272 169 161 315 174 188 202 343 445 639 418 305 213 205 319 218 243 256 424 542 515 569 447 362 307 403 296 284 346 317 393 473 634 596 531 453 632 455 493 516 459 518 498 538 565 545 588 584 591 573 558 595 522 613 543 586 505 540 593 600 504 580 464 439 417 442 402 474 556 590 471 375 381 547 443 566 446 587 429 231 294 562 421 559 468 232 433 577 441 194 356 495 300 437 145 91 56 84 316 469 345 224 123 199 628 581 416 152 87 62 78 20 79 55 337 476 286 151 50 25 99 48 65 397 646 216 53 27 228 67 18 153 359 508 313 47 9 86 388 631 367 450 683 241 90 22 37 299 420 624 701 392 357 193 81 13 340 501 535 368 350 578 564 618 678 520 481 470 410 157 208 247 59 127 259 369 575 494 462 605 549 684 643 629 454 432 136 6 11 19 10 29 274 57 293 183 172 14 41 2 8 42 150 17 4 5 24 40 35 15 16 159 133 28 26 92 249 327 292 265 323 331 330 405 457 242 373 484 171 110 71 63 72 70 64 52 137 173 170 178 214 544 528 539 513 477 503 524 492 295 94 134 30 36 114 32 34 112 85 54 39 61 190 158 179 76 225 191 489 685 364 458 440 496 279 308 582 579 271 131 104 262 107 31 38 44 46 45 103 113 96 163 189 288 414 560 215 377 594 537 352 219 108 68 60 51 88 129 124 148 217 212 83 98 77 73 255 550 570 306 310 638 603 237 201 527 511 534 385 325 353 615 583 251 182 521 365 147 111 74 66 102 167 347 548 378 258 105 89 97 120 221 260 620 391 290 185 101 93 100 192 389 621 483 195 126 69 149 200 361 552 585 465 227 463 434 297 430 598 382 519 311 338 555 266 181 138 235 115 164 302 207 488 268 155 160 422 358 349 203 233 435 312 502 479 291 285 211 248 335 239 384 400 264 448 270 223 301 267 220 304 187 273 409 366 234 197 226 399 198 354 507 244 184 254 278 156 206 280 380 230 412 261 333 425 196 118 140 154 141 176 431 532 236 143 119 238 125 117 180 406 561 372 146 121 122 263 165 75 135 229 536 1069 314 756 966 957 842 1025 630 592 1019 623 693 704 709 698 723 541 461 210 360 449 710 486 506 837 832 695 959 576 808 670 950 726 779 714 994 716 1065 650 921 1131 689 915 691 1039 899 780 898 696 1005 1020 937 1120 666 1132 699 810 852 874 845 861 797 731 781 795 773 1100 1103 1140 1109 1114 774 824 887 883 968 734 777 1141 1067 839 951 1139 993 1013 830 1068 908 918 1026 761 826 1000 1066 1008 1135 997 1102 1099 1015 934 900 813 799 892 828 752 770 728 788 866 896 903 946 1027 1029 1096 1089 1092 1007 971 961 916 814 888 974 985 1057 1055 1075 1146 1144 1093 1094 1041 827 755 798 1149 784 1143 817 1050 724 1047 816 721 856 877 857 1056 1031 931 732 1123 862 894 863 671 853 763 1048 676 1077 653 1083 703 1052 869 622 642 925 636 652 769 712 668 789 886 686 690 682 762 747 906 926 738 746 648 673 791 884 688 606 870 825 936 664 659 599 831 786 619 647 867 970 972 998 681 749 764 640 597 633 614 617 637 751 766 760 991 943 858 1046 754 890 737 948 694 935 733 922 803 960 744 982 702 995 661 907 741 1033 796 988 868 1084 969 1002 1111 872 1044 835 1062 909 880 999 729 1037 1010 740 977 838 1148 818 944 822 1006 829 930 875 1054 736 767 1018 1122 1082 1106 1024 983 1023 854 1151 1694
D8,822,2.52267e+09,50 100 200 300 400 500 600 700 800 900 1000 1100 1200,49.2041 98.8184 199.129 299.781 399.148 499.583 593.66 699.353 799.74 898.666 993.103 1093.1 1199.16,0.0501874 0.0217864 0.0836988 0.123456 0.12631 0.203872 0.057401 0.033246 0.118316 0.00841783 0.0114235 0.00452642 0.0136454,0 1 529 724 601 328 209 175 283 472 721 611 332 250 142 139 194 161 169 272 348 626 445 343 202 188 232 205 319 421 294 218 213 305 243 256 418 639 424 542 732 569 447 515 403 362 307 296 231 284 346 317 393 473 634 596 671 632 493 455 453 531 417 439 464 504 459 516 498 538 676 653 703 565 545 622 588 522 558 584 681 573 591 614 640 597 647 619 642 599 606 659 664 633 617 637 595 613 543 505 540 586 694 733 593 518 600 744 580 702 556 474 402 442 375 471 590 661 741 547 381 443 566 446 587 429 562 559 468 433 577 174 315 441 356 495 300 168 130 116 87 55 50 27 99 25 48 53 18 153 646 838 818 508 359 216 65 286 397 740 476 151 337 152 581 416 345 469 729 628 199 62 123 56 224 437 316 145 84 91 109 177 95 186 287 627 298 784 497 798 309 82 144 321 517 755 499 80 49 128 376 509 166 78 20 79 162 370 553 572 67 33 47 86 388 222 106 658 500 728 665 589 697 713 722 761 826 752 828 770 799 788 813 814 415 228 401 253 374 674 490 383 252 58 204 21 7 43 12 9 313 631 367 822 450 241 829 683 299 420 193 655 554 451 644 717 830 684 643 549 605 462 839 777 575 629 454 520 259 107 265 323 331 330 405 457 699 373 484 666 560 414 288 189 163 96 113 103 45 137 173 170 178 214 242 544 528 539 513 477 262 104 292 327 503 524 731 781 492 249 295 501 795 773 535 340 368 578 774 824 564 350 157 208 470 410 618 678 734 481 247 14 4 17 8 150 191 489 392 701 624 357 42 13 11 19 136 57 41 2 6 81 37 22 90 3 23 10 29 132 379 274 432 293 494 183 172 369 127 59 5 24 225 767 458 736 685 364 179 76 40 35 15 16 159 133 28 26 39 61 94 134 30 36 114 92 34 32 31 38 77 73 131 112 85 54 190 158 440 496 279 308 582 579 271 255 550 570 306 310 638 603 237 46 44 98 83 52 64 70 72 63 71 110 171 215 377 594 537 352 219 108 68 60 51 88 129 124 148 217 212 201 527 511 534 385 325 615 583 521 365 260 620 391 691 552 361 585 465 689 463 263 434 297 430 598 382 519 650 338 555 266 181 235 115 164 302 488 268 207 138 160 261 155 206 230 280 576 233 435 502 479 506 486 285 211 248 335 239 384 400 264 223 301 267 220 304 187 270 448 409 273 291 312 197 234 366 623 399 226 203 198 592 630 349 254 358 422 278 156 184 244 354 507 380 412 333 425 196 118 140 311 154 141 176 431 532 236 143 119 238 125 122 121 117 180 406 716 561 372 146 536 229 135 75 165 227 200 149 69 126 195 483 621 389 192 100 93 101 185 290 221 120 97 89 105 258 378 696 548 347 167 102 66 74 111 147 182 251 353 636 766 690 864 682 686 769 878 886 712 764 763 1048 1077 1083 1052 869 1129 998 749 972 970 867 1080 786 1071 1085 831 688 884 791 673 668 789 652 911 1034 925 762 747 906 1049 1104 926 746 648 738 870 1061 936 825 760 991 1117 943 751 858 1127 1046 890 754 737 948 935 922 803 960 982 995 907 1033 796 988 868 1084 969 1002 872 1044 835 1062 909 880 999 1037 1010 977 944 1006 930 875 1054 1018 1082 1024 983 1023 854 899 780 1039 915 921 756 966 957 842 693 704 709 698 723 541 314 461 210 360 449 837 832 695 808 670 950 726 779 714 994 1069 898 1005 1020 937 810 852 874 845 861 797 1100 1103 1109 887 883 968 1067 951 993 1013 1068 908 918 1026 1000 1066 1008 892 997 1102 900 903 946 1027 1029 1096 1099 1015 934 916 896 866 888 961 971 1007 1092 1089 1075 1055 1057 985 974 827 1041 1094 1093 817 1050 1047 816 856 877 857 1056 1031 931 862 894 863 853 1111 1694
D9,829,2.61133e+09,50 100 200 300 400 500 600 700 800 900 1000 1100 1200,49.751 99.5287 199.222 299.326 399.535 499.326 598.925 696.214 799.385 899.054 998.463 1099.89 1198.84,0.0539763 0.0838736 0.131088 0.0269155 0.100589 0.137701 0.117707 0.0216805 0.0343061 0.123278 0.0046477 0.0113714 0.00974601,0 1 529 287 12 9 18 27 48 99 228 888 553 814 903 900 892 828 722 665 697 589 383 252 451 644 554 379 132 58 7 274 845 861 797 477 513 539 528 544 852 810 699 457 405 330 331 323 265 173 170 178 214 242 373 484 666 560 414 288 189 163 96 113 103 45 46 38 31 32 34 36 112 131 255 550 271 579 582 308 279 496 440 190 158 39 28 133 350 564 410 157 40 16 179 458 767 736 364 76 24 5 4 8 17 42 81 367 299 829 930 683 450 822 631 818 944 388 222 86 47 53 153 313 508 359 838 646 216 476 740 397 286 65 25 50 20 55 151 337 581 416 152 49 80 82 186 177 95 56 62 87 123 199 345 628 729 469 224 84 91 300 145 316 880 437 495 835 441 577 433 468 559 421 294 562 429 587 446 566 796 443 381 547 741 661 590 471 375 442 402 474 556 702 744 803 593 733 540 505 586 694 737 754 751 766 760 597 647 619 642 599 688 673 668 636 648 606 738 659 664 633 617 637 595 613 543 565 545 522 588 558 584 573 591 614 640 764 749 681 622 703 653 538 498 518 600 580 504 459 516 676 763 493 632 671 531 453 455 464 439 417 596 634 473 393 317 346 732 569 447 515 403 362 307 296 284 231 218 243 256 424 542 639 418 305 213 205 319 232 315 174 188 202 343 445 626 348 272 169 161 194 356 168 139 142 250 332 611 856 721 472 283 175 116 130 109 209 328 601 816 724 817 627 298 784 497 309 321 144 499 798 755 517 827 509 376 128 79 162 78 166 370 415 572 896 813 788 866 401 33 67 21 106 204 374 490 674 500 253 658 728 799 770 713 752 826 761 918 717 908 655 830 684 643 605 549 462 136 432 293 41 14 172 57 11 2 19 29 10 23 3 43 90 241 22 37 6 13 193 420 624 701 875 392 357 150 191 685 489 225 15 35 208 247 59 127 259 369 454 183 494 629 839 777 575 520 481 470 678 734 883 618 887 824 774 578 368 159 85 54 61 26 30 134 340 535 773 795 501 249 94 92 295 492 781 731 524 503 292 327 114 107 262 104 137 44 98 77 73 310 306 570 638 603 237 83 52 64 70 72 63 71 110 171 215 377 594 537 352 219 108 68 60 51 88 129 124 148 217 212 201 527 511 534 385 854 615 583 521 365 780 620 391 691 552 361 585 465 689 463 263 434 430 598 519 650 555 266 181 138 160 268 488 756 302 207 155 422 358 630 693 623 366 449 486 506 479 291 197 187 234 273 409 448 270 210 211 400 461 285 248 335 239 384 264 223 301 267 220 304 502 312 203 226 399 592 349 198 233 435 576 354 507 670 280 254 184 244 156 278 206 380 230 412 261 333 726 779 235 115 164 338 311 140 118 196 425 714 431 176 141 154 382 238 119 143 236 532 716 406 180 117 125 297 122 121 146 372 561 536 229 135 75 165 227 200 149 69 126 195 483 621 389 192 100 93 101 185 290 74 66 102 167 347 548 696 378 258 105 89 97 120 221 260 111 147 182 251 353 325 1023 541 314 360 704 709 698 723 1025 966 957 842 710 837 832 695 959 808 950 1065 994 1069 898 1005 921 1131 915 1020 937 1120 1132 1153 874 1039 899 983 1024 1106 1018 1122 1082 1169 1100 1103 1140 1109 1114 1155 968 1067 1141 1139 951 993 1013 1068 1026 1000 1066 1008 1135 997 1102 1015 1099 1096 1029 1027 934 946 916 961 971 1007 1092 1089 1075 1055 1057 985 974 1041 1094 1093 1144 1050 1047 877 857 1056 1031 931 1123 862 894 863 853 1048 1077 1083 1052 869 998 972 970 867 786 831 884 791 789 886 690 686 682 769 652 712 762 925 747 906 746 926 870 825 936 991 943 858 1046 890 948 935 922 960 982 995 907 1033 988 868 1084 969 1002 1111 872 1044 1062 909 999 1037 1010 977 1006 1054 1143 1694
D10,821,3.53437e+09,50 100 200 300 400 500 600 700 800 900 1000 1100 1200,49.1733 99.932 197.511 292.032 398.922 499.406 599.983 699.008 799.9 898.228 999.811 1099.17 1199.65,0.0598935 0.0810203 0.0875207 0.0166159 0.044184 0.114081 0.132172 0.119301 0.123109 0.026805 0.0386105 0.00780499 0.00511212,0 1 845 874 810 852 544 528 539 14 127 247 59 5 4 17 8 42 2 41 172 369 259 678 734 968 777 575 520 481 470 887 883 618 824 774 773 795 781 731 797 861 513 265 323 331 330 405 457 699 666 484 373 242 214 178 170 46 173 137 503 477 262 292 107 104 44 83 45 103 113 96 163 189 288 414 560 937 594 377 215 171 110 71 63 72 70 64 52 212 217 148 124 129 88 51 60 68 108 219 352 537 548 347 167 102 66 74 111 147 182 521 365 260 221 120 97 89 105 258 378 696 621 389 192 100 93 101 185 290 691 915 585 465 689 463 434 921 430 598 382 519 650 338 555 164 266 756 488 268 422 842 358 254 630 592 206 670 380 280 507 808 576 695 502 312 291 479 506 304 187 234 273 220 267 486 449 301 239 335 248 210 285 461 698 400 211 264 223 270 384 709 448 704 409 693 623 366 226 197 203 198 399 349 184 233 435 354 244 156 278 155 207 302 181 115 235 779 726 412 160 230 261 138 333 425 196 118 140 311 154 141 176 431 714 532 236 143 119 238 297 125 117 180 406 716 561 372 146 121 122 263 227 165 75 135 229 536 898 483 195 126 69 149 200 361 552 391 620 780 899 583 251 353 615 854 325 385 534 983 511 527 201 237 603 638 310 98 38 31 77 73 306 570 550 255 131 32 92 295 340 535 501 492 524 249 327 114 34 112 271 579 582 308 85 36 94 134 30 54 279 496 158 179 16 15 35 40 157 410 564 578 350 368 133 208 28 159 26 39 61 190 440 1018 767 458 76 364 736 685 1054 489 191 225 24 150 392 875 701 357 624 930 829 420 193 13 6 11 57 19 1015 1007 985 755 517 321 128 228 253 401 500 658 866 813 900 903 971 974 827 509 370 376 162 78 166 415 572 553 814 896 916 888 961 946 934 997 892 1008 908 993 830 1013 1068 605 549 643 454 183 293 432 494 629 839 951 684 462 655 554 379 274 136 29 132 58 383 490 674 697 713 728 788 799 770 828 1000 722 752 826 1026 918 761 717 644 665 589 451 252 23 10 7 9 99 27 67 33 21 106 374 204 12 3 22 37 81 299 683 1006 822 222 43 90 241 450 367 631 388 944 818 313 646 838 508 359 153 86 47 18 53 48 50 49 79 20 25 65 216 740 977 397 286 151 55 152 337 476 1010 581 416 199 529 817 724 209 328 601 816 721 472 283 175 116 168 139 142 250 332 611 856 877 626 348 272 169 161 194 356 300 130 91 109 177 287 298 627 784 497 186 95 84 56 82 309 798 499 144 80 62 87 123 224 345 628 729 469 999 880 316 145 437 909 495 835 441 315 174 188 202 343 445 857 639 418 305 213 205 232 433 577 872 468 559 562 969 587 868 566 796 443 381 547 741 907 661 590 471 375 442 402 474 556 702 580 744 960 803 593 922 935 733 540 543 522 545 505 586 694 613 737 890 595 754 858 637 558 584 573 591 614 617 751 766 633 760 664 597 647 831 791 712 682 652 762 636 789 668 747 648 673 688 606 746 738 870 825 659 599 619 642 786 867 640 764 749 681 588 622 869 703 565 653 538 498 518 600 504 459 516 676 763 493 853 632 671 417 439 464 455 453 531 596 863 894 634 473 393 317 346 446 429 284 307 362 447 403 296 231 294 421 319 218 243 256 424 542 931 515 732 569 862 884 970 690 864 686 769 878 886 911 1034 925 906 1049 926 1104 1061 936 991 1117 943 1127 1046 998 972 1085 1071 1080 1129 1052 1083 1077 1048 948 1128 982 995 1033 988 1084 1031 1056 1002 1044 1062 1037 1047 1050 1093 1094 1041 1057 1055 1075 1089 1092 1096 1029 1027 1099 1102 1066 1067 1082 1106 1024 1023 1039 1020 1005 966 957 723 541 314 360 837 832 959 950 994 1025 1694
D11,831,5.12179e+09,50 100 200 300 400 500 600 700 800 900 1000 1100 1200,49.2972 99.9822 185.564 298.401 398.853 499.461 599.943 699.64 799.732 899.326 998.971 1099.86 1199.64,0.0697702 0.0485742 0.0288766 0.011601 0.0383688 0.121294 0.150888 0.0749189 0.152631 0.10141 0.0361402 0.0154618 0.00677866,0 1 845 874 528 544 852 810 699 457 405 330 331 323 14 454 293 183 172 259 773 774 564 410 470 481 247 208 40 35 15 4 127 59 5 24 76 16 179 364 225 685 736 1018 767 458 158 26 28 39 61 190 440 496 1082 582 308 34 36 30 85 54 279 579 550 255 73 603 1024 983 1023 854 615 583 521 899 780 620 1039 691 552 915 585 465 689 463 263 434 921 430 598 519 650 555 756 966 957 160 268 207 138 181 266 302 488 422 842 278 155 230 206 156 254 358 630 349 592 399 461 285 314 210 360 335 248 211 698 400 264 239 301 449 486 506 479 291 832 502 312 197 234 187 304 267 223 220 273 270 384 709 448 704 693 409 623 366 226 203 198 184 808 507 354 576 695 435 233 244 280 670 380 412 261 333 726 779 235 115 164 338 311 140 118 196 425 714 431 176 141 154 382 238 119 143 236 532 994 716 406 180 117 125 297 122 121 146 372 561 536 229 135 75 165 227 93 100 192 389 621 898 483 195 126 69 149 200 361 101 185 290 391 111 74 66 102 167 347 548 1005 696 378 258 105 89 97 120 221 260 365 147 182 251 353 325 385 534 511 527 201 212 217 148 124 129 88 51 60 68 108 219 352 537 1020 594 377 215 171 110 71 63 72 70 64 52 83 98 77 237 310 306 638 570 271 112 131 32 92 114 31 38 44 46 45 103 113 96 163 189 288 414 560 937 666 484 373 242 214 178 170 173 137 104 107 262 265 539 513 477 861 797 731 503 292 327 524 781 795 501 492 249 295 94 134 159 133 157 350 368 340 535 578 824 887 618 883 968 678 734 1067 777 575 520 369 41 2 11 1029 1055 1057 985 974 896 866 814 916 961 903 946 971 1007 1027 1015 934 997 813 900 892 1008 713 490 1013 993 951 839 629 643 494 549 684 605 830 1068 908 918 1026 761 826 722 752 1000 1066 828 770 799 788 728 658 401 572 67 253 500 674 374 204 106 21 9 12 86 646 838 818 944 930 241 90 43 3 7 58 252 383 697 589 665 644 717 655 554 451 462 432 57 136 274 379 132 23 10 29 19 150 17 8 42 357 392 191 489 1054 875 701 624 420 81 193 13 6 37 22 299 829 683 450 1006 822 367 222 631 388 313 508 359 216 476 1010 740 977 397 286 65 48 53 153 47 18 33 27 888 553 415 228 99 25 50 151 20 79 376 162 78 166 370 509 827 1041 755 798 784 497 309 298 186 144 128 517 499 321 80 82 62 87 49 55 152 337 581 1037 416 628 880 999 729 345 199 123 316 469 224 84 56 95 529 287 209 328 601 816 1047 724 817 627 177 109 91 130 116 175 283 472 721 856 611 332 250 142 139 168 145 437 909 300 495 356 194 161 169 272 348 626 877 857 445 343 202 188 174 315 441 835 1044 577 433 872 468 232 205 213 305 418 639 1031 931 542 424 256 243 218 319 559 421 294 284 296 231 307 362 443 796 1033 907 741 547 566 988 868 587 969 1002 562 429 446 346 317 393 447 403 515 732 569 473 862 634 894 863 671 853 763 493 455 632 453 531 596 442 417 439 464 556 474 402 375 381 471 590 661 995 702 580 504 459 516 676 653 538 498 540 593 518 600 744 982 960 803 922 733 586 543 613 694 935 948 737 595 637 617 614 640 597 633 766 751 754 890 858 943 760 664 619 884 791 789 686 682 762 747 652 769 712 636 668 648 746 599 688 673 606 738 870 936 825 659 647 642 831 786 867 764 972 749 681 584 591 573 558 588 522 545 505 565 703 622 869 998 1129 690 864 878 886 911 1034 925 906 1049 926 1104 1061 1085 1071 1080 970 991 1117 1127 1046 1167 1163 1206 1052 1083 1077 1048 1111 1062 1157 1084 1158 1128 1116 1160 1123 1056 1154 1050 1143 1149 1094 1093 1144 1146 1075 1089 1092 1096 1099 1102 1135 710 837 1694
D12,834,4.51355e+09,50 100 200 300 400 500 600 700 800 900 1000 1100 1200,49.2104 99.4129 199.347 299.009 397.572 496.726 599.172 699.738 799.043 899.924 999.596 1099.07 1199.01,0.0203246 0.0476494 0.137146 0.112411 0.0363706 0.0155288 0.0125133 0.0889879 0.129202 0.15126 0.068142 0.0243318 0.0134253,0 1 845 874 528 544 852 810 699 457 405 330 331 323 489 357 529 287 1149 1146 1075 1144 1093 985 1057 1089 1096 1099 1015 1027 1029 1007 1092 1055 1094 1041 755 827 974 961 971 946 658 572 401 228 166 99 415 370 162 517 499 321 376 509 553 888 916 903 900 934 1102 997 1135 644 589 697 728 674 490 383 132 252 451 379 462 839 777 734 481 520 575 629 494 454 172 183 293 57 41 2 13 42 8 59 247 208 887 883 968 1155 824 1171 1114 773 774 1109 1140 1103 1100 861 731 797 503 327 292 262 539 513 477 265 137 173 170 178 214 242 373 484 666 1120 937 560 414 288 189 163 96 113 103 45 46 107 114 31 73 237 201 212 217 148 124 129 88 51 60 68 108 219 352 537 1020 594 377 215 171 110 71 63 72 70 64 52 83 98 44 104 38 77 527 511 534 385 325 353 251 182 521 147 111 74 66 102 167 347 548 1005 696 378 258 105 89 97 120 221 391 290 185 101 93 100 192 389 621 898 483 195 126 69 149 465 227 165 75 135 229 536 1069 561 372 146 121 122 125 117 180 406 716 994 532 236 143 119 311 140 118 196 333 235 115 181 302 756 1065 650 519 338 164 555 266 966 957 488 207 268 422 842 1025 155 160 261 138 230 206 278 156 254 358 630 349 184 198 203 312 502 837 479 291 197 234 187 304 267 301 210 285 314 541 461 723 698 400 384 709 448 704 693 623 592 399 226 366 409 273 220 270 223 264 239 211 248 360 335 449 710 486 506 832 695 435 233 576 959 808 354 244 280 507 670 380 950 412 726 779 425 714 431 176 141 154 382 238 598 430 921 297 434 263 463 689 200 585 915 361 552 691 1039 620 260 365 780 899 583 615 854 1023 983 1024 603 1106 638 310 306 570 550 579 582 496 440 458 364 15 35 40 133 157 28 26 61 54 36 30 134 159 368 340 295 94 92 249 524 781 795 492 501 535 578 564 350 410 618 678 470 259 369 127 14 4 17 5 24 76 179 16 39 158 190 279 308 85 34 32 131 112 255 271 1169 1082 1122 1018 767 736 685 225 191 150 392 875 1054 701 1228 1006 1197 822 450 367 152 87 298 186 309 798 497 784 1143 627 817 1050 1047 724 209 328 601 816 721 472 283 175 116 168 139 142 250 332 611 856 877 626 348 272 169 161 194 356 495 300 130 109 177 95 91 56 82 62 144 80 128 49 55 79 20 78 25 50 65 216 53 48 27 253 374 500 866 814 896 813 788 799 892 1008 1066 1000 752 828 770 713 722 826 665 761 1026 918 1183 908 1013 993 1184 1139 1141 1067 951 643 549 432 684 1068 830 605 655 717 554 274 136 29 10 23 3 22 37 19 11 6 81 193 624 930 829 683 420 299 241 90 43 222 86 12 7 21 58 204 106 9 18 67 33 47 153 508 818 313 388 631 944 1148 838 359 646 397 977 740 286 151 337 476 1174 1010 581 416 1037 628 199 123 84 224 345 729 469 999 880 316 145 437 909 1062 835 441 1044 577 315 174 188 202 343 445 857 1056 1031 931 542 639 418 305 213 205 232 433 872 468 319 218 243 256 424 296 284 307 403 362 447 515 732 569 862 894 634 473 442 596 417 402 375 381 393 317 346 446 587 429 231 294 421 559 1111 1002 562 969 1084 868 988 796 1033 907 741 547 566 443 471 590 474 439 464 455 453 531 863 671 632 853 493 763 1048 1077 676 516 459 504 580 556 661 995 702 982 744 600 518 498 538 653 1083 1052 622 869 998 972 614 617 766 991 633 943 751 858 1046 890 948 935 733 922 960 803 593 540 505 586 694 737 754 637 584 681 588 545 703 565 543 613 522 595 558 573 591 749 764 970 640 867 597 664 690 686 682 652 769 886 712 789 668 791 884 606 673 688 831 786 647 619 642 599 659 738 746 648 636 762 925 747 906 926 870 825 936 760 1694
