Rank,index,RA,Dec,Probability,CumulativeProb
1,4266,53.593765,-28.335586,0.0071206755440192,0.0071206755440192
2,4466,52.552822,-26.754447,0.0070504247435762,0.014171100287595401
3,4069,54.155409,-29.916724,0.0068488919171441,0.0210199922047395
4,3684,55.077654,-33.079002,0.0065241356141775,0.027544127818917002
5,4267,55.390141,-28.335586,0.0064086877593621,0.0339528155782791
6,3876,56.423005,-31.497863,0.0062161309345903,0.040168946512869404
7,3497,57.2403,-34.660141,0.0060566961681004,0.046225642680969806
8,3875,54.568644,-31.497863,0.0060227606202093,0.05224840330117911
9,4669,52.120181,-25.173308,0.0059783687589907,0.05822677206016981
10,4265,51.797389,-28.335586,0.0059536547817251,0.06418042684189491
11,4070,55.979622,-29.916724,0.0059455741115485,0.07012600095344342
12,2956,58.308213,-39.403557,0.0059282740962375,0.07605427504968092
13,3685,56.964637,-33.079002,0.0059256565213007,0.08197993157098162
14,2784,60.299231,-40.984696,0.0058291472059523,0.08780907877693392
15,3313,57.645621,-36.24128,0.0057996455290289,0.09360872430596281
16,4467,54.323525,-26.754447,0.0057653617731233,0.09937408607908611
17,4071,57.803835,-29.916724,0.0056881913019057,0.10506227738099182
18,4465,50.782119,-26.754447,0.0056843464781602,0.11074662385915202
19,3874,52.714283,-31.497863,0.0056102649726761,0.11635688883182811
20,2616,60.847134,-42.565835,0.0056086707381565,0.12196555956998462
21,4668,50.373115,-25.173308,0.0055773723614403,0.1275429319314249
22,3496,55.318036,-34.660141,0.0055391110060523,0.13308204293747722
23,2294,63.736826,-45.728113,0.0054589124677026,0.13854095540517983
24,2783,58.204688,-40.984696,0.0053935211722358,0.14393447657741562
25,4068,52.331196,-29.916724,0.0053319064653091,0.14926638304272472
26,3132,57.462974,-37.822419,0.0053314612124648,0.15459784425518952
27,2957,60.35448,-39.403557,0.0053157637919324,0.15991360804712193
28,3133,59.46463,-37.822419,0.0052854843542091,0.16519909240133102
29,3686,58.851621,-33.079002,0.0052750325797977,0.1704741249811287
30,4670,53.867247,-25.173308,0.005266963791162,0.17574108877229072
31,3498,59.162564,-34.660141,0.0052578714876761,0.1809989602599668
32,2452,61.497008,-44.146974,0.0052289799821141,0.18622794024208092
33,2785,62.393774,-40.984696,0.0051973347693919,0.19142527501147283
34,3312,55.68521,-36.24128,0.0051001436123621,0.19652541862383494
35,2617,62.99396,-42.565835,0.0050705865702786,0.20159600519411353
36,4874,48.795591,-23.592169,0.0050509622228757,0.20664696741698924
37,4875,50.520939,-23.592169,0.0050280038424265,0.21167497125941573
38,3314,59.606031,-36.24128,0.0049488406097361,0.21662381186915183
39,3877,58.277366,-31.497863,0.0049277644457649,0.22155157631491673
40,4876,52.246287,-23.592169,0.0049072432577131,0.22645881957262984
41,2139,64.805974,-47.309252,0.0049046331224841,0.23136345269511394
42,2293,61.471792,-45.728113,0.0048992942254701,0.23626274692058405
43,2453,63.700515,-44.146974,0.0048839385568535,0.24114668547743756
44,4667,48.626049,-25.173308,0.0047714896380062,0.24591817511544375
45,4268,57.186516,-28.335586,0.0046941805381694,0.2506123556536132
46,4264,50.001014,-28.335586,0.004571232949044,0.25518358860265716
47,2615,58.700307,-42.565835,0.0045099742447609,0.25969356284741807
48,4464,49.011416,-26.754447,0.0044940662906488,0.26418762913806687
49,4468,56.094229,-26.754447,0.0044474652406627,0.26863509437872957
50,4873,47.070243,-23.592169,0.0044392421319882,0.2730743365107178
51,3134,61.466287,-37.822419,0.0043917407329546,0.2774660772436724
52,2295,66.00186,-45.728113,0.0043819102028872,0.2818479874465596
53,1989,66.555557,-48.89039,0.0043615802786282,0.2862095677251878
54,5082,46.543586,-22.01103,0.0043540863649692,0.290563654090157
55,862,71.774944,-63.12064,0.0043307703862785,0.2948944244764355
56,2138,62.474052,-47.309252,0.004247120517644,0.29914154499407947
57,5083,48.249032,-22.01103,0.0042344980102074,0.3033760430042869
58,3131,55.461317,-37.822419,0.0042324210334731,0.30760846403776
59,2140,67.137896,-47.309252,0.0041820776742473,0.31179054171200726
60,1076,71.886764,-59.958362,0.0041753503318731,0.31596589204388037
61,3683,53.19067,-33.079002,0.0041334108826019,0.32009930292648225
62,1311,70.904928,-56.796085,0.0041194965592115,0.32421879948569376
63,967,73.976038,-61.539501,0.0041146570470661,0.32833345653275986
64,1191,72.211258,-58.377223,0.0041131732958061,0.332446629828566
65,966,70.658171,-61.539501,0.0040486370432251,0.3364952668717911
66,1075,68.728461,-59.958362,0.0040468670759301,0.3405421339477212
67,1988,64.150789,-48.89039,0.0040453600184244,0.34458749396614563
68,5084,49.954478,-22.01103,0.00403435658014,0.34862185054628564
69,2451,59.293501,-44.146974,0.0040258128587977,0.35264766340508336
70,1843,66.347807,-50.471529,0.0039251560707405,0.35657281947582387
71,4671,55.614313,-25.173308,0.0039112349703286,0.36048405444615245
72,3315,61.566442,-36.24128,0.0038998055165671,0.36438385996271955
73,1190,69.195685,-58.377223,0.0038702778991099,0.3682541378618294
74,4067,50.506983,-29.916724,0.0038326503928629,0.3720867882546923
75,2958,62.400747,-39.403557,0.0038218966185333,0.37590868487322565
76,3878,60.131727,-31.497863,0.0038174445959006,0.37972612946912626
77,764,72.159779,-64.701779,0.0037795861931198,0.38350571566224606
78,1844,68.832072,-50.471529,0.0037349919301287,0.3872407075923748
79,1312,73.792218,-56.796085,0.0037342325446533,0.3909749401370281
80,5293,46.947824,-20.429891,0.0037311081713039,0.394706048308332
81,5292,45.260556,-20.429891,0.0036986155655962,0.3984046638739282
82,3495,53.395772,-34.660141,0.0036724767541117,0.4020771406280399
83,863,75.272162,-63.12064,0.003653731085629,0.4057308717136689
84,5294,48.635092,-20.429891,0.0036289086427447,0.40935978035641357
85,1077,75.045067,-59.958362,0.0036090469975847,0.41296882735399826
86,1437,70.98715,-55.214946,0.0036048843770412,0.41657371173103946
87,5085,51.659924,-22.01103,0.0035817858957304,0.42015549762676985
88,765,75.859823,-64.701779,0.0035782628349583,0.42373376046172817
89,1192,75.226832,-58.377223,0.0035573030788788,0.427291063540607
90,1702,66.622822,-52.052668,0.0035242938394561,0.4308153573800631
91,2454,65.904023,-44.146974,0.0035121508432533,0.4343275082233164
92,2955,56.261945,-39.403557,0.0035096820742587,0.4378371902975751
93,1567,68.100631,-53.633807,0.0034863079363496,0.4413234982339247
94,1436,68.21565,-55.214946,0.0034841145433394,0.4448076127772641
95,1310,68.017638,-56.796085,0.0034824132754001,0.4482900260526642
96,2618,65.140787,-42.565835,0.0034765040868119,0.4517665301394761
97,5295,50.32236,-20.429891,0.0034676939126155,0.4552342240520916
98,1703,69.194044,-52.052668,0.0034519280414557,0.4586861520935473
99,2786,64.488318,-40.984696,0.0034476857365254,0.46213383783007267
100,4877,53.971635,-23.592169,0.003444892035323,0.46557872986539567
101,5506,46.301157,-18.848753,0.0034194232655066,0.46899815313090226
102,4666,46.878983,-25.173308,0.0033922797887332,0.47239043291963545
103,4469,57.864932,-26.754447,0.0033876922497434,0.47577812516937884
104,1568,70.767223,-53.633807,0.0033516916823142,0.47912981685169304
105,3687,60.738604,-33.079002,0.0032706339491968,0.48240045080088984
106,965,67.340304,-61.539501,0.0032497876716477,0.4856502384725375
107,3499,61.084828,-34.660141,0.0032265318623401,0.48887677033487764
108,2782,56.110145,-40.984696,0.0032064217021565,0.49208319203703416
109,1842,63.863543,-50.471529,0.0031716158755893,0.49525480791262344
110,672,75.60052,-66.282918,0.0031622049460568,0.49841701285868023
111,861,68.277727,-63.12064,0.0031348488900209,0.5015518617487011
112,4269,58.982892,-28.335586,0.0031337556768885,0.5046856174255896
113,1990,68.960325,-48.89039,0.0030952397425227,0.5077808571681123
114,3873,50.859922,-31.497863,0.0030827887895202,0.5108636459576325
115,3311,53.7248,-36.24128,0.003058238634238,0.5139218845918705
116,671,71.669497,-66.282918,0.0029856939770504,0.5169075785689209
117,4072,59.628048,-29.916724,0.0029833563839038,0.5198909349528247
118,2292,59.206758,-45.728113,0.002964892781596,0.5228558277344206
119,5086,53.36537,-22.01103,0.0029535952563367,0.5258094229907573
120,1313,76.679508,-56.796085,0.0029235563735971,0.5287329793643544
121,5505,44.630425,-18.848753,0.0029233784872452,0.5316563578515996
122,1438,73.75865,-55.214946,0.0028722362976094,0.534528594149209
123,1189,66.180111,-58.377223,0.0028617700705102,0.5373903642197192
124,1987,61.746021,-48.89039,0.0028585454798753,0.5402489096995945
125,968,77.293906,-61.539501,0.0028315360277211,0.5430804457273156
126,1566,65.43404,-53.633807,0.0028226106767916,0.5459030564041072
127,5081,44.83814,-22.01103,0.0027906359332642,0.5486936923373714
128,763,68.459736,-64.701779,0.0027637591298541,0.5514574514672255
129,2959,64.447015,-39.403557,0.0027594598640442,0.5542169113312697
130,4672,57.361378,-25.173308,0.0027315965372912,0.5569485078685609
131,4463,47.240713,-26.754447,0.0027259186993704,0.5596744265679313
132,3682,51.303687,-33.079002,0.0027000030505145,0.5623744296184459
133,5720,44.120077,-17.267614,0.0026954917098831,0.565069921328329
134,864,78.769379,-63.12064,0.0026922998710921,0.5677622211994211
135,5504,42.959692,-18.848753,0.0026887239747094,0.5704509451741305
136,2296,68.266894,-45.728113,0.0026697825727358,0.5731207277468663
137,2137,60.14213,-47.309252,0.0026661313522622,0.5757868590991285
138,2614,56.553481,-42.565835,0.0026198040064089,0.5784066631055375
139,4263,48.204638,-28.335586,0.0026158238198879,0.5810224869254254
140,1701,64.051601,-52.052668,0.0026072846175855,0.5836297715430109
141,1078,78.20337,-59.958362,0.0026071612933666,0.5862369328363775
142,1193,78.242405,-58.377223,0.0026042310152824,0.5888411638516599
143,4878,55.696982,-23.592169,0.0025900549979387,0.5914312188495986
144,4066,48.68277,-29.916724,0.0025677671502167,0.5939989859998153
145,1704,71.765265,-52.052668,0.002561642427342,0.5965606284271573
146,3135,63.467943,-37.822419,0.0025470233515795,0.5991076517787368
147,5721,45.775843,-17.267614,0.0025436263164944,0.6016512780952312
148,673,79.531542,-66.282918,0.0025101951363051,0.6041614732315364
149,5291,43.573288,-20.429891,0.0024862693712997,0.606647742602836
150,5719,42.464311,-17.267614,0.0024545448255662,0.6091022874284022
151,5507,47.971889,-18.848753,0.0024383112724719,0.6115405987008741
152,1435,65.44415,-55.214946,0.0023733303978604,0.6139139290987344
153,4872,45.344895,-23.592169,0.0023685120805697,0.6162824411793041
154,585,76.737522,-67.864056,0.0023420264307257,0.6186244676100298
155,1569,73.433814,-53.633807,0.0023315529946236,0.6209560206046534
156,584,72.541354,-67.864056,0.0022985858733023,0.6232546064779557
157,766,79.559866,-64.701779,0.0022816233595263,0.625536229837482
158,2141,69.469818,-47.309252,0.0022778622793162,0.6278140921167982
159,1074,65.570157,-59.958362,0.002273755942952,0.6300878480597502
160,5508,49.642622,-18.848753,0.0022394476825982,0.6323272957423484
161,2954,54.215678,-39.403557,0.0021400948217772,0.6344673905641256
162,1309,65.130348,-56.796085,0.0021252537420935,0.6365926443062191
163,5936,41.943309,-15.686475,0.002124394177681,0.6387170384839
164,2450,57.089993,-44.146974,0.0021067861644846,0.6408238246483846
165,1845,71.316336,-50.471529,0.0021034129220613,0.6429272375704459
166,969,80.611773,-61.539501,0.0021018297155935,0.6450290672860394
167,670,67.738475,-66.282918,0.0021015175146014,0.6471305848006408
168,2455,68.10753,-44.146974,0.0020928921388363,0.6492234769394771
169,5296,52.009628,-20.429891,0.0020913976252643,0.6513148745647415
170,4470,59.635635,-26.754447,0.0020528997641488,0.6533677743288903
171,1439,76.530149,-55.214946,0.0020497055716043,0.6554174799004946
172,586,80.93369,-67.864056,0.0020317316715556,0.6574492115720502
173,3500,63.007092,-34.660141,0.0020078081289481,0.6594570197009982
174,4879,57.42233,-23.592169,0.0019985870709519,0.6614556067719501
175,3316,63.526852,-36.24128,0.0019823247690682,0.6634379315410184
176,2619,67.287613,-42.565835,0.0019818097885519,0.6654197413295703
177,5087,55.070816,-22.01103,0.001978946162102,0.6673986874916723
178,5937,43.585614,-15.686475,0.0019666397598978,0.66936532725157
179,2787,66.582861,-40.984696,0.0019525803849251,0.6713179076364951
180,5080,43.132695,-22.01103,0.00191670713525,0.6732346147717452
181,4073,61.452261,-29.916724,0.001911472555674,0.6751460873274192
182,4673,59.108444,-25.173308,0.0019010807925161,0.6770471681199353
183,762,64.759692,-64.701779,0.001876760708818,0.6789239288287533
184,1841,61.379279,-50.471529,0.0018550359748841,0.6807789648036374
185,860,64.78051,-63.12064,0.001842468383131,0.6826214331867684
186,3130,53.459661,-37.822419,0.0018405648138227,0.684461998000591
187,5722,47.43161,-17.267614,0.0018350345568011,0.6862970325573922
188,583,68.345186,-67.864056,0.0018328457051766,0.6881298782625688
189,4270,60.779268,-28.335586,0.0017931044813382,0.689922982743907
190,5938,45.22792,-15.686475,0.0017751268699289,0.6916981096138358
191,6156,42.822602,-14.105336,0.0017301409590264,0.6934282505728622
192,3872,49.005561,-31.497863,0.0017112855265344,0.6951395360993966
193,3494,51.473508,-34.660141,0.0016997879622251,0.6968393240616217
194,1079,81.361673,-59.958362,0.0016945823119773,0.698533906373599
195,3879,61.986088,-31.497863,0.0016817765717195,0.7002156829453186
196,503,75.654334,-69.445195,0.0016768177884163,0.7018925007337349
197,4665,45.131917,-25.173308,0.0016603171464945,0.7035528178802294
198,1570,76.100405,-53.633807,0.0016585381122905,0.7052113559925199
199,3688,62.625587,-33.079002,0.0016375681498573,0.7068489241423772
200,5297,53.696896,-20.429891,0.0016210772199009,0.7084700013622781
201,964,64.022436,-61.539501,0.0016155111179453,0.7100855124802234
202,1314,79.566798,-56.796085,0.001595775891541,0.7116812883717645
203,5509,51.313354,-18.848753,0.0015784182044165,0.713259706576181
204,6155,41.192308,-14.105336,0.001565778334987,0.7148254849111679
205,5718,40.808544,-17.267614,0.0015638282632342,0.7163893131744021
206,1194,81.257978,-58.377223,0.0015624668694264,0.7179517800438285
207,5503,41.28896,-18.848753,0.0015471374514792,0.7194989174953077
208,1565,62.767449,-53.633807,0.0015434458570297,0.7210423633523374
209,2291,56.941723,-45.728113,0.0015358528137745,0.722578216166112
210,5290,41.88602,-20.429891,0.0015345094502416,0.7241127256163535
211,1986,59.341253,-48.89039,0.0015271526975734,0.725639878313927
212,1705,74.336487,-52.052668,0.0015006383984408,0.7271405167123678
213,1991,71.365093,-48.89039,0.0014544019466133,0.7285949186589811
214,5935,40.301003,-15.686475,0.0014453580819205,0.7300402767409016
215,4262,46.408262,-28.335586,0.0014378379103566,0.7314781146512581
216,6376,41.211752,-12.524197,0.0014375207519408,0.7329156354031989
217,5723,49.087376,-17.267614,0.0014253981983043,0.7343410336015033
218,674,83.462565,-66.282918,0.0014214583069779,0.7357624919084812
219,4871,43.619548,-23.592169,0.0014175600714149,0.7371800519798961
220,504,80.157679,-69.445195,0.0014141061332923,0.7385941581131884
221,3310,51.76439,-36.24128,0.0014076453474745,0.7400018034606629
222,2136,57.810207,-47.309252,0.0014037861262992,0.7414055895869621
223,5939,46.870226,-15.686475,0.0014007755093538,0.7428063650963159
224,1700,61.480379,-52.052668,0.0013964413275486,0.7442028064238645
225,502,71.150988,-69.445195,0.0013638078263266,0.7455666142501911
226,767,83.25991,-64.701779,0.0013577721445132,0.7469243863947043
227,5088,56.776261,-22.01103,0.0013428069738581,0.7482671933685624
228,1434,62.67265,-55.214946,0.0013309070580561,0.7495981004266185
229,4462,45.470009,-26.754447,0.0013072392124067,0.7509053396390252
230,2781,54.015601,-40.984696,0.0013068034244716,0.7522121430634968
231,5724,50.743142,-17.267614,0.0013052653385721,0.7535174084020689
232,865,82.266596,-63.12064,0.0012715754545701,0.7547889838566391
233,6154,39.562015,-14.105336,0.0012676072049865,0.7560565910616256
234,3136,65.4696,-37.822419,0.0012642144480104,0.757320805509636
235,2297,70.531928,-45.728113,0.001260968710452,0.758581774220088
236,6375,39.592072,-12.524197,0.0012390605773725,0.7598208347974605
237,6157,44.452895,-14.105336,0.0012332831519679,0.7610541179494285
238,669,63.807453,-66.282918,0.0012268070681801,0.7622809250176086
239,10352,271.341618,14.355163,0.0012207425201443,0.7635016675377528
240,10790,273.441099,17.51744,0.0011943115475073,0.7646959790852601
241,1440,79.301649,-55.214946,0.001193300709311,0.7658892797945711
242,11220,274.2719,20.679718,0.0011860924709021,0.7670753722654732
243,970,83.92964,-61.539501,0.0011741846977968,0.76824955696327
244,2613,54.406655,-42.565835,0.0011722344101481,0.7694217913734182
245,1846,73.800601,-50.471529,0.0011675091147021,0.7705893004881202
246,4880,59.147678,-23.592169,0.0011616585455831,0.7717509590337034
247,11005,272.514029,19.098579,0.001149585705263,0.7729005447389664
248,1188,63.164538,-58.377223,0.0011365837173709,0.7740371284563373
249,11006,274.187268,19.098579,0.0011232084329607,0.775160336889298
250,4471,61.406338,-26.754447,0.0011028418521252,0.7762631787414231
251,11219,272.581871,20.679718,0.0011026357141025,0.7773658144555257
252,3681,49.416704,-33.079002,0.0010973368350771,0.7784631512906027
253,2960,66.493282,-39.403557,0.0010948730795924,0.7795580243701952
254,6597,39.099023,-10.943058,0.001091574589525,0.7806495989597202
255,5510,52.984086,-18.848753,0.0010915347814932,0.7817411337412133
256,5089,58.481707,-22.01103,0.0010858265911249,0.7828269603323382
257,10789,271.78307,17.51744,0.0010848889084165,0.7839118492407547
258,10572,271.988718,15.936302,0.001077880038083,0.7849897292788377
259,1073,62.411854,-59.958362,0.001061203848091,0.7860509331269288
260,5298,55.384164,-20.429891,0.0010513489147767,0.7871022820417054
261,1308,62.243059,-56.796085,0.001048636478362,0.7881509185200674
262,10573,273.633053,15.936302,0.001041459134418,0.7891923776544854
263,10130,269.257006,12.774024,0.0010404977051631,0.7902328753596485
264,859,61.283293,-63.12064,0.0010325880593591,0.7912654634190076
265,11432,275.748098,22.260857,0.0010206152088462,0.7922860786278538
266,6377,42.831432,-12.524197,0.0010202345806381,0.7933063132084919
267,9908,269.817429,11.192885,0.0010193230805294,0.7943256362890213
268,11221,275.961929,20.679718,0.0010108278145352,0.7953364641035565
269,10131,270.878272,12.774024,0.001007646691465,0.7963441107950215
270,6598,40.709445,-10.943058,0.0010021818984322,0.7973462926934537
271,5934,38.658698,-15.686475,0.0009814591800593,0.798327751873513
272,6374,37.972392,-12.524197,0.0009805922754031,0.7993083441489162
273,428,74.165179,-71.026334,0.0009776486268049,0.8002859927757211
274,2449,54.886486,-44.146974,0.0009755696571965,0.8012615624329176
275,4271,62.575643,-28.335586,0.0009636273544184,0.8022251897873359
276,11431,274.039624,22.260857,0.0009539682524511,0.803179158039787
277,5299,57.071432,-20.429891,0.0009529068688341,0.8041320649086211
278,5940,48.512531,-15.686475,0.0009508358377571,0.8050829007463782
279,2142,71.80174,-47.309252,0.0009427072419178,0.806025607988296
280,505,84.661025,-69.445195,0.0009305971116677,0.8069562050999637
281,11433,277.456571,22.260857,0.0009108461809344,0.8078670512808981
282,11007,275.860507,19.098579,0.0009098941534662,0.8087769454343643
283,3317,65.487263,-36.24128,0.0009084963268197,0.809685441761184
284,9684,268.717774,9.611746,0.0009037145747466,0.8105891563359305
285,1080,84.519976,-59.958362,0.0009035877618681,0.8114927440977986
286,1840,58.895014,-50.471529,0.0008946076921357,0.8123873517899343
287,10571,270.344383,15.936302,0.0008940583570895,0.8132814101470238
288,1571,78.766996,-53.633807,0.0008924108309143,0.8141738209779381
289,6158,46.083188,-14.105336,0.0008875904333688,0.815061411411307
290,10351,269.709521,14.355163,0.0008799566365409,0.8159413680478479
291,587,85.129857,-67.864056,0.0008722961705343,0.8168136642183822
292,9909,271.429226,11.192885,0.0008700714541923,0.8176837356725745
293,4074,63.276474,-29.916724,0.0008645399671325,0.818548275639707
294,10791,275.099129,17.51744,0.0008627738212902,0.8194110494609972
295,9685,270.321425,9.611746,0.0008559602603639,0.8202670097213611
296,5717,39.152778,-17.267614,0.0008434639808745,0.8211104737022357
297,2620,69.434439,-42.565835,0.0008426633059621,0.8219531370081977
298,10353,272.973715,14.355163,0.000835880779524,0.8227890177877217
299,10132,272.499537,12.774024,0.0008313264274205,0.8236203442151422
300,866,85.763813,-63.12064,0.0008274546345683,0.8244477988497105
301,6153,37.931722,-14.105336,0.0008233490463924,0.8252711478961029
302,4674,60.85551,-25.173308,0.0008188616789261,0.826090009575029
303,9907,268.205633,11.192885,0.000818748596681,0.82690875817171
304,5502,39.618228,-18.848753,0.0008165206913613,0.8277252788630712
305,11004,270.84079,19.098579,0.0008147588197297,0.8285400376828009
306,429,79.028223,-71.026334,0.0008136610883538,0.8293536987711547
307,3493,49.551244,-34.660141,0.0008112546314717,0.8301649534026264
308,501,66.647643,-69.445195,0.0008080177324878,0.8309729711351143
309,11641,275.798359,23.841996,0.0008071563280454,0.8317801274631597
310,6596,37.4886,-10.943058,0.000803948962896,0.8325840764260557
311,582,64.149018,-67.864056,0.0008039136497172,0.8333879900757729
312,11642,277.527015,23.841996,0.00080112163742,0.8341891117131929
313,2456,70.311037,-44.146974,0.0007982591391367,0.8349873708523295
314,2953,52.169411,-39.403557,0.0007978239325825,0.8357851947849121
315,761,61.059649,-64.701779,0.0007977299645487,0.8365829247494608
316,9460,269.710976,8.030607,0.0007903776557487,0.8373733024052096
317,1315,82.454087,-56.796085,0.0007900804608588,0.8381633828660684
318,1195,84.273552,-58.377223,0.0007820018607939,0.8389453847268623
319,10788,270.125041,17.51744,0.000775852327291,0.8397212370541534
320,4065,46.858557,-29.916724,0.0007692601625424,0.8404904972166958
321,3880,63.840449,-31.497863,0.000763834851379,0.8412543320680748
322,430,83.891267,-71.026334,0.000762516836627,0.8420168489047017
323,4664,43.384851,-25.173308,0.000754325936405,0.8427711748411068
324,5511,54.654819,-18.848753,0.0007503849085877,0.8435215597496944
325,3689,64.512571,-33.079002,0.0007490599492423,0.8442706196989368
326,1706,76.907708,-52.052668,0.0007482087520433,0.8450188284509801
327,6378,44.451112,-12.524197,0.0007477868859135,0.8457666153368936
328,6820,37.571186,-9.36192,0.0007459415722582,0.8465125569091517
329,963,60.704569,-61.539501,0.0007382061425109,0.8472507630516626
330,11430,272.331151,22.260857,0.0007347059422789,0.8479854689939414
331,1985,56.936485,-48.89039,0.0007344883041293,0.8487199572980707
332,3501,64.929356,-34.660141,0.0007287162073923,0.849448673505463
333,11848,276.911592,25.423135,0.0007240398525416,0.8501727133580046
334,2788,68.677404,-40.984696,0.0007222645389534,0.850894977896958
335,5079,41.427249,-22.01103,0.0007126282061642,0.8516076061031222
336,9459,268.114178,8.030607,0.0007086083389761,0.8523162144420984
337,6821,39.173669,-9.36192,0.0007050961319711,0.8530213105740695
338,5289,40.198752,-20.429891,0.0006946109598694,0.8537159215339389
339,11640,274.069703,23.841996,0.0006876148682977,0.8544035364022367
340,3129,51.458004,-37.822419,0.0006806326283153,0.855084169030552
341,11643,279.255671,23.841996,0.0006805490041469,0.8557647180346989
342,2290,54.676689,-45.728113,0.0006800427866558,0.8564447608213547
343,11849,278.662262,25.423135,0.0006768648912978,0.8571216257126525
344,3871,47.1512,-31.497863,0.000674734915909,0.8577963606285615
345,506,89.16437,-69.445195,0.0006745773245571,0.8584709379531186
346,1564,60.100858,-53.633807,0.0006714128146858,0.8591423507678043
347,11222,277.651958,20.679718,0.0006713994454031,0.8598137502132074
348,9234,268.122674,6.449469,0.0006680791998219,0.8604818294130293
349,6599,42.319867,-10.943058,0.0006653931099518,0.8611472225229811
350,9683,267.114123,9.611746,0.000660385066102,0.8618076075890831
351,2135,55.478285,-47.309252,0.0006501626812023,0.8624577702702855
352,4870,41.8942,-23.592169,0.0006446712796387,0.8631024415499242
353,1992,73.769861,-48.89039,0.000644187641855,0.8637466291917792
354,427,69.302134,-71.026334,0.0006439256352844,0.8643905548270636
355,10570,268.700049,15.936302,0.0006390754666876,0.8650296302937512
356,10129,267.63574,12.774024,0.000635259596839,0.8656648898905902
357,6595,35.878178,-10.943058,0.0006317194356019,0.8662966093261921
358,12053,278.871625,27.004273,0.0006294200677254,0.8669260293939175
359,9686,271.925077,9.611746,0.0006279473094735,0.867553976703391
360,6159,47.713482,-14.105336,0.0006256255383055,0.8681796022416964
361,10350,268.077424,14.355163,0.0006187637941741,0.8687983660358706
362,11218,270.891842,20.679718,0.0006152140601294,0.869413580096
363,675,87.393587,-66.282918,0.0006121834351371,0.8700257635311371
364,6822,40.776152,-9.36192,0.0006109231327969,0.870636686663934
365,10354,274.605812,14.355163,0.0006063072810168,0.8712429939449509
366,5941,50.154837,-15.686475,0.0006043737797134,0.8718473677246643
367,1699,58.909158,-52.052668,0.0005966812556181,0.8724440489802824
368,10574,275.277387,15.936302,0.0005966648657595,0.8730407138460419
369,10792,276.757158,17.51744,0.000593285326565,0.8736339991726069
370,11847,275.160922,25.423135,0.0005916292605324,0.8742256284331392
371,9235,269.713883,6.449469,0.0005838404742319,0.8748094689073711
372,11008,277.533746,19.098579,0.000580280239513,0.875389749146884
373,6819,35.968703,-9.36192,0.0005772595243547,0.8759670086712388
374,5725,52.398909,-17.267614,0.0005738899848884,0.8765408986561272
375,11639,272.341047,23.841996,0.0005678678380846,0.8771087664942118
376,9458,266.51738,8.030607,0.0005607342950072,0.877669500789219
377,12054,280.646246,27.004273,0.0005594447265796,0.8782289455157987
378,6373,36.352713,-12.524197,0.000558344031471,0.8787872895472697
379,1072,59.253551,-59.958362,0.0005567624529819,0.8793440520002516
380,5512,56.325551,-18.848753,0.0005559827678149,0.8799000347680664
381,1187,60.148965,-58.377223,0.0005551479544031,0.8804551827224696
382,768,86.959953,-64.701779,0.0005497692412739,0.8810049519637435
383,12052,277.097004,27.004273,0.0005483656531591,0.8815533176169026
384,1433,59.901151,-55.214946,0.0005460622892957,0.8820993799061982
385,7046,38.850459,-7.780781,0.0005382137309779,0.8826375936371762
386,9008,268.661569,4.86833,0.0005363984528227,0.8831739920899989
387,11850,280.412932,25.423135,0.000531694236342,0.883705686326341
388,588,89.326025,-67.864056,0.0005310516320908,0.8842367379584317
389,9461,271.307773,8.030607,0.0005280864032421,0.8847648243616738
390,9906,266.593837,11.192885,0.0005276424560019,0.8852924668176757
391,7045,37.254628,-7.780781,0.000524488855187,0.8858169556728627
392,431,88.754312,-71.026334,0.0005231095521782,0.8863400652250408
393,10133,274.120803,12.774024,0.0005229562454386,0.8868630214704795
394,11429,270.622677,22.260857,0.0005220684330782,0.8873850899035577
395,359,78.422129,-72.607473,0.0005149788821374,0.887900068785695
396,5726,54.054675,-17.267614,0.0005138017940047,0.8884138705796998
397,4881,60.873026,-23.592169,0.0005068165566651,0.8889206871363649
398,6818,34.36622,-9.36192,0.0005033127075653,0.8894239998439302
399,7044,35.658797,-7.780781,0.0004957724571838,0.889919772301114
400,9910,273.041022,11.192885,0.0004907386268927,0.8904105109280067
401,6600,43.930289,-10.943058,0.000482241227683,0.8908927521556897
402,12254,279.877102,28.585412,0.0004784581127132,0.8913712102684029
403,11003,269.167551,19.098579,0.0004773047690648,0.8918485150374678
404,12255,281.677729,28.585412,0.0004760453549299,0.8923245603923977
405,9233,266.531464,6.449469,0.0004735286131987,0.8927980890055964
406,6152,36.301429,-14.105336,0.0004723889126537,0.8932704779182501
407,2780,51.921058,-40.984696,0.0004723708504775,0.8937428487687276
408,1441,82.073149,-55.214946,0.0004686870664613,0.8942115358351889
409,11434,279.165045,22.260857,0.0004641747858491,0.894675710621038
410,358,73.13256,-72.607473,0.0004632622695892,0.8951389728906272
411,12253,278.076476,28.585412,0.0004632436112548,0.895602216501882
412,3309,49.803979,-36.24128,0.0004574209438691,0.8960596374457511
413,6379,46.070792,-12.524197,0.0004497572444895,0.8965093946902406
414,1847,76.284865,-50.471529,0.0004484441802591,0.8969578388704997
415,12051,275.322383,27.004273,0.0004481585327748,0.8974059974032745
416,5942,51.797142,-15.686475,0.0004430414800859,0.8978490388833604
417,5716,37.497012,-17.267614,0.0004423099220253,0.8982913488053857
418,11846,273.410252,25.423135,0.0004418855901815,0.8987332343955673
419,11217,269.201813,20.679718,0.0004418772956318,0.8991751116911991
420,9007,267.074705,4.86833,0.0004382103813876,0.8996133220725867
421,10575,276.921722,15.936302,0.0004366429931563,0.900049965065743
422,9236,271.305092,6.449469,0.0004339647524556,0.9004839298181986
423,360,83.711699,-72.607473,0.0004257556822335,0.900909685500432
424,361,89.001269,-72.607473,0.0004203883724,0.901330073872832
425,1307,59.355769,-56.796085,0.000417726327351,0.9017478002001831
426,7043,34.062966,-7.780781,0.0004148517325816,0.9021626519327647
427,5933,37.016392,-15.686475,0.0004131376879277,0.9025757896206924
428,6160,49.343775,-14.105336,0.0004107622430801,0.9029865518637725
429,4461,43.699306,-26.754447,0.0004106098980942,0.9033971617618667
430,2612,52.259828,-42.565835,0.0004100047143603,0.9038071664762269
431,10787,268.467011,17.51744,0.0004081820145804,0.9042153484908073
432,9009,270.248433,4.86833,0.0004079135547885,0.9046232620455958
433,3680,47.52972,-33.079002,0.0004056475556652,0.905028909601261
434,5300,58.7587,-20.429891,0.0004005087354948,0.9054294183367558
435,668,59.87643,-66.282918,0.0003991461991214,0.9058285645358772
436,5727,55.710441,-17.267614,0.0003940952548185,0.9062226597906957
437,7270,36.487756,-6.199642,0.0003937833397404,0.9066164431304361
438,11223,279.341987,20.679718,0.0003934262070498,0.907009869337486
439,2448,52.682979,-44.146974,0.0003918586162339,0.9074017279537199
440,8780,267.618922,3.287191,0.0003831547933305,0.9077848827470504
441,8781,269.202667,3.287191,0.0003829492201828,0.9081678319672332
442,3137,67.471257,-37.822419,0.0003824862707531,0.9085503182379863
443,11644,280.984327,23.841996,0.0003745015467992,0.9089248197847855
444,7269,34.897316,-6.199642,0.000374498898282,0.9092993186830675
445,12055,282.420867,27.004273,0.0003728854750626,0.9096722041581301
446,1839,56.41075,-50.471529,0.000371329908285,0.9100435340664151
447,5513,57.996283,-18.848753,0.0003684317771187,0.9104119658435338
448,5090,60.187153,-22.01103,0.0003681089941097,0.9107800748376434
449,9682,265.510472,9.611746,0.00036372000758,0.9111437948452235
450,12452,280.714983,30.166551,0.0003633170261855,0.911507111871409
451,2961,68.539549,-39.403557,0.000360795472748,0.911867907344157
452,12453,282.543802,30.166551,0.0003603491234895,0.9122282564676465
453,6372,34.733033,-12.524197,0.0003553267858651,0.9125835832535116
454,4472,63.177041,-26.754447,0.000355007077244,0.9129385903307556
455,7271,38.078196,-6.199642,0.0003528589407467,0.9132914492715023
456,4261,44.611887,-28.335586,0.0003514806177507,0.913642929889253
457,7268,33.306876,-6.199642,0.0003513779766849,0.9139943078659379
458,6594,34.267756,-10.943058,0.0003513229588504,0.9143456308247884
459,6823,42.378635,-9.36192,0.0003422799294375,0.9146879107542258
460,867,89.26103,-63.12064,0.0003386577942455,0.9150265685484713
461,971,87.247507,-61.539501,0.0003380074524531,0.9153645760009244
462,10355,276.237909,14.355163,0.0003359272626694,0.9157005032635938
463,7047,40.44629,-7.780781,0.0003358110881509,0.9160363143517447
464,11851,282.163603,25.423135,0.0003337458539004,0.9163700602056452
465,296,78.834504,-74.188612,0.0003293034416763,0.9166993636473214
466,2143,74.133663,-47.309252,0.0003261056539515,0.9170254693012729
467,3128,49.456347,-37.822419,0.0003258739823301,0.917351343283603
468,11435,280.873519,22.260857,0.0003248606750589,0.9176762039586619
469,8553,267.801059,1.706052,0.0003241416596019,0.9180003456182638
470,5078,39.721803,-22.01103,0.0003228752534389,0.9183232208717027
471,3881,65.69481,-31.497863,0.0003210943960295,0.9186443152677322
472,8174,28.900644,0.124913,0.0003210326424211,0.9189653479101533
473,11638,270.612391,23.841996,0.0003195866789322,0.9192849345890854
474,7042,32.467135,-7.780781,0.0003160928120177,0.9196010274011032
475,4064,45.034344,-29.916724,0.0003146169253948,0.919915644326498
476,12050,273.547762,27.004273,0.0003124032402897,0.9202280475667877
477,962,57.386702,-61.539501,0.000311235205191,0.9205392827719787
478,426,64.43909,-71.026334,0.0003081608230829,0.9208474435950617
479,858,57.786076,-63.12064,0.0003076938092623,0.921155137404324
480,12252,276.275849,28.585412,0.0003071543597955,0.9214622917641194
481,12256,283.478355,28.585412,0.0003058224871919,0.9217681142513113
482,9006,265.487842,4.86833,0.000305239553589,0.9220733538049003
483,2298,72.796962,-45.728113,0.0003042254491516,0.922377579254052
484,11845,271.659581,25.423135,0.0003014694789859,0.9226790487330379
485,12451,278.886164,30.166551,0.0003012396160039,0.9229802883490418
486,581,59.952851,-67.864056,0.000300363314937,0.9232806516639788
487,10793,278.415187,17.51744,0.0002995671445348,0.9235802188085136
488,5501,37.947495,-18.848753,0.0002986799119795,0.9238788987204931
489,6380,47.690472,-12.524197,0.0002982991619236,0.9241771978824167
490,432,93.617356,-71.026334,0.000297742443996,0.9244749403264128
491,7496,35.84677,-4.618503,0.0002961084912385,0.9247710488176513
492,6601,45.540712,-10.943058,0.0002937571447235,0.9250648059623747
493,10569,267.055714,15.936302,0.0002931499855017,0.9253579559478764
494,500,62.144298,-69.445195,0.0002902164308663,0.9256481723787428
495,1563,57.434267,-53.633807,0.0002883512948027,0.9259365236735454
496,9462,272.904571,8.030607,0.0002874531999613,0.9262239768735067
497,3492,47.62898,-34.660141,0.0002863793492876,0.9265103562227942
498,9911,274.652819,11.192885,0.0002856334794263,0.9267959897022205
499,5288,38.511484,-20.429891,0.0002849786370533,0.9270809683392739
500,8554,269.382899,1.706052,0.0002844852007903,0.9273654535400642
501,507,93.667715,-69.445195,0.0002821807467388,0.927647634286803
502,7495,34.26048,-4.618503,0.0002815036683119,0.9279291379551149
503,10128,266.014475,12.774024,0.0002804816698496,0.9282096196249645
504,9232,264.940255,6.449469,0.0002803958757717,0.9284900155007362
505,4675,62.602576,-25.173308,0.0002803042799321,0.9287703197806683
506,7494,32.674191,-4.618503,0.0002795944282057,0.929049914208874
507,8779,266.035178,3.287191,0.0002788049295655,0.9293287191384394
508,11009,279.206985,19.098579,0.0002766437066541,0.9296053628450935
509,1572,81.433587,-53.633807,0.0002750962910832,0.9298804591361768
510,303,119.455164,-74.188612,0.0002749982199487,0.9301554573561255
511,7720,30.998511,-3.037364,0.000273692036107,0.9304291493922325
512,2952,50.123143,-39.403557,0.0002719862350507,0.9307011356272832
513,8325,267.653175,0.124913,0.0002708630551589,0.9309719986824421
514,301,107.849261,-74.188612,0.0002702128695415,0.9312422115519836
515,3318,67.447673,-36.24128,0.0002695506439835,0.9315117621959671
516,8782,270.786412,3.287191,0.0002687278057289,0.931780490001696
517,7493,31.087901,-4.618503,0.0002678919011454,0.9320483819028414
518,6817,32.763737,-9.36192,0.0002673805157572,0.9323157624185987
519,676,91.32461,-66.282918,0.0002671363060177,0.9325828987246164
520,7946,29.17361,-1.456226,0.0002667441594966,0.932849642884113
521,8175,30.481787,0.124913,0.0002656197294226,0.9331152626135356
522,7267,31.716435,-6.199642,0.0002646830986449,0.9333799457121805
523,3690,66.399554,-33.079002,0.000263807955626,0.9336437536678065
524,10349,266.445327,14.355163,0.0002637138197079,0.9339074674875144
525,1698,56.337937,-52.052668,0.0002628229532168,0.9341702904407312
526,7947,30.755259,-1.456226,0.0002613216548017,0.9344316120955329
527,302,113.652213,-74.188612,0.0002607179579258,0.9346923300534588
528,10134,275.742069,12.774024,0.0002588552903079,0.9349511853437666
529,589,93.522193,-67.864056,0.0002576711508389,0.9352088564946055
530,769,90.659997,-64.701779,0.0002576028945654,0.935466459389171
531,1186,57.133391,-58.377223,0.0002567867036497,0.9357232460928206
532,365,110.159549,-72.607473,0.0002565370824831,0.9359797831753037
533,12648,283.179656,31.74769,0.0002563453646988,0.9362361285400025
534,11002,267.494312,19.098579,0.0002550612450049,0.9364911897850073
535,12454,284.372621,30.166551,0.0002536763929637,0.936744866177971
536,12450,277.057345,30.166551,0.000253121854158,0.9369979880321291
537,7497,37.433059,-4.618503,0.0002521163541126,0.9372501043862417
538,9010,271.835296,4.86833,0.0002516008566857,0.9375017052429274
539,1081,87.678279,-59.958362,0.0002500021188818,0.9377517073618092
540,11428,268.914204,22.260857,0.0002493609769722,0.9380010683387814
541,1316,85.341377,-56.796085,0.0002492331128764,0.9382503014516578
542,357,67.84299,-72.607473,0.0002474838716498,0.9384977853233075
543,3502,66.85162,-34.660141,0.0002472580443346,0.9387450433676421
544,9687,273.528728,9.611746,0.0002471179138851,0.9389921612815272
545,8326,269.234318,0.124913,0.0002463812822532,0.9392385425637804
546,2457,72.514545,-44.146974,0.0002456651298389,0.9394842076936193
547,2289,52.411655,-45.728113,0.0002452878677055,0.9397294955613248
548,5943,53.439448,-15.686475,0.0002449854104665,0.9399744809717913
549,8401,27.361375,1.706052,0.0002429091970374,0.9402173901688287
550,363,99.580409,-72.607473,0.0002410158501407,0.9404584060189694
551,12647,281.32031,31.74769,0.0002400452605522,0.9406984512795216
552,8552,266.219219,1.706052,0.0002343592031164,0.940932810482638
553,9457,264.920582,8.030607,0.0002340365165744,0.9411668469992124
554,364,104.869979,-72.607473,0.0002336952614826,0.941400542260695
555,7719,29.415148,-3.037364,0.0002325874623881,0.9416331297230831
556,6593,32.657334,-10.943058,0.0002307809812493,0.9418639107043324
557,362,94.290839,-72.607473,0.0002303764304455,0.9420942871347779
558,300,102.04631,-74.188612,0.0002293766673419,0.9423236638021198
559,7272,39.668637,-6.199642,0.0002283266227973,0.9425519904249171
560,8402,28.943215,1.706052,0.0002271812768151,0.9427791717017322
561,4075,65.100687,-29.916724,0.0002267520726243,0.9430059237743565
562,244,114.729822,-75.769751,0.0002258681044088,0.9432317918787654
563,12251,274.475223,28.585412,0.000223253539679,0.9434550454184444
564,5728,57.366207,-17.267614,0.0002226334118322,0.9436776788302765
565,6824,43.981119,-9.36192,0.000222361701824,0.9439000405321005
566,5944,55.081753,-15.686475,0.0002220794397501,0.9441221199718506
567,245,121.161944,-75.769751,0.0002217512683163,0.9443438712401668
568,6161,50.974068,-14.105336,0.0002209382691904,0.9445648095093573
569,4272,64.372019,-28.335586,0.0002187107303832,0.9447835202397404
570,12649,285.039003,31.74769,0.0002183286421435,0.945001848881884
571,1984,54.531717,-48.89039,0.0002176534935305,0.9452195023754145
572,433,98.4804,-71.026334,0.0002140652377446,0.9454335676131591
573,6151,34.671135,-14.105336,0.0002139966681274,0.9456475642812865
574,760,57.359605,-64.701779,0.0002136311951116,0.9458611954763981
575,295,73.031553,-74.188612,0.0002112562094225,0.9460724516858207
576,8097,268.002707,-1.456226,0.000210850397207,0.9462833020830277
577,5932,35.374087,-15.686475,0.0002105448988611,0.9464938469818888
578,12257,285.278982,28.585412,0.0002096797381474,0.9467035267200362
579,8629,28.473484,3.287191,0.0002096245263437,0.9469131512463799
580,11645,282.712983,23.841996,0.0002094588067347,0.9471226100531146
581,2779,49.826515,-40.984696,0.0002079859307659,0.9473305959838805
582,243,108.2977,-75.769751,0.0002078647720289,0.9475384607559094
583,12056,284.195488,27.004273,0.0002077478493914,0.9477462086053008
584,12646,279.460963,31.74769,0.000205604808048,0.9479518134133488
585,1432,57.129651,-55.214946,0.0002029759863749,0.9481547893997236
586,4663,41.637786,-25.173308,0.0002028027783297,0.9483575921780534
587,9905,264.98204,11.192885,0.0002023644430125,0.9485599566210658
588,10786,266.808982,17.51744,0.0002016383458721,0.9487615949669379
589,1993,76.174629,-48.89039,0.0002007678435124,0.9489623628104503
590,1707,79.47893,-52.052668,0.000199297514144,0.9491616603245944
591,298,90.440407,-74.188612,0.0001988639140486,0.9493605242386429
592,7723,35.7486,-3.037364,0.0001987708940287,0.9495592951326717
593,7722,34.165237,-3.037364,0.0001987436464286,0.9497580387791003
594,7949,33.918559,-1.456226,0.0001985798321417,0.9499566186112419
595,9237,272.896301,6.449469,0.0001966669124618,0.9501532855237037
596,4869,40.168852,-23.592169,0.0001964845723862,0.9503497700960899
597,7721,32.581874,-3.037364,0.0001963688868654,0.9505461389829553
598,297,84.637456,-74.188612,0.000196303206193,0.9507424421891483
599,2134,53.146363,-47.309252,0.0001962644380669,0.9509387066272151
600,5514,59.667016,-18.848753,0.0001958047337993,0.9511345113610145
601,7948,32.336909,-1.456226,0.0001955940998205,0.951330105460835
602,7048,42.042122,-7.780781,0.0001953401438649,0.9515254456046999
603,242,101.865579,-75.769751,0.0001942090244598,0.9517196546291596
604,304,125.258115,-74.188612,0.0001938797357002,0.9519135343648598
605,5301,60.445968,-20.429891,0.000193042557966,0.9521065769228259
606,12840,285.24879,33.328829,0.0001927675733215,0.9522993444961474
607,3308,47.843569,-36.24128,0.0001926316130746,0.952491976109222
608,299,96.243358,-74.188612,0.0001917372796,0.952683713388822
609,2621,71.581266,-42.565835,0.0001910296171897,0.9528747430060117
610,8176,32.06293,0.124913,0.0001897972303995,0.9530645402364112
611,12455,286.20144,30.166551,0.0001896197869053,0.9532541600233165
612,8628,26.889739,3.287191,0.0001867957622093,0.9534409557855258
613,8778,264.451433,3.287191,0.0001848975113949,0.9536258532969207
614,12839,283.356414,33.328829,0.0001823336543395,0.9538081869512602
615,2611,50.113002,-42.565835,0.0001818365376103,0.9539900234888705
616,8096,266.421057,-1.456226,0.0001810022127551,0.9541710257016256
617,366,115.449119,-72.607473,0.0001792514927759,0.9543502771944015
618,434,103.343445,-71.026334,0.0001786988875354,0.9545289760819369
619,193,117.390652,-77.350889,0.0001784541581573,0.9547074302400942
620,8555,270.964739,1.706052,0.0001781850475458,0.95488561528764
621,11216,267.511785,20.679718,0.0001773018791708,0.9550629171668108
622,7945,27.59196,-1.456226,0.000175718977085,0.9552386361438958
623,8403,30.525055,1.706052,0.0001730049721459,0.9554116411160417
624,11224,281.032016,20.679718,0.0001726452496178,0.9555842863656595
625,3679,45.642737,-33.079002,0.0001725323807041,0.9557568187463636
626,2447,50.479471,-44.146974,0.0001724814866305,0.9559293002329942
627,6381,49.310152,-12.524197,0.0001715862094726,0.9561008864424667
628,10356,277.870006,14.355163,0.0001715803214107,0.9562724667638774
629,508,98.171061,-69.445195,0.0001706526012032,0.9564431193650806
630,9005,263.900978,4.86833,0.000170390064423,0.9566135094295036
631,11852,283.914273,25.423135,0.0001677092743212,0.9567812187038248
632,8324,266.072033,0.124913,0.0001663747766713,0.9569475934804961
633,12650,286.898349,31.74769,0.0001656706836437,0.9571132641641398
634,7498,39.019349,-4.618503,0.0001642427176552,0.957277506881795
635,10576,278.566056,15.936302,0.0001640718431642,0.9574415787249593
636,240,89.001335,-75.769751,0.0001635214168339,0.9576051001417931
637,8630,30.057228,3.287191,0.0001627638221116,0.9577678639639047
638,12645,277.601617,31.74769,0.0001592611725406,0.9579271251364453
639,8856,27.458292,4.86833,0.0001579343833005,0.9580850595197458
640,7266,30.125995,-6.199642,0.0001577783540503,0.958242837873796
641,8173,27.319502,0.124913,0.0001569324195534,0.9583997702933494
642,8551,264.637379,1.706052,0.0001567960825667,0.9585565663759161
643,246,127.594065,-75.769751,0.0001565875933579,0.958713153969274
644,7041,30.871304,-7.780781,0.0001557128488063,0.9588688668180804
645,192,110.170169,-77.350889,0.0001543222754716,0.959023189093552
646,6162,52.604361,-14.105336,0.0001539177583481,0.9591771068519
647,6816,31.161254,-9.36192,0.0001527284982997,0.9593298353501998
648,11637,268.883735,23.841996,0.0001524935324518,0.9594823288826516
649,12838,281.464038,33.328829,0.0001522182616124,0.959634547144264
650,191,102.949686,-77.350889,0.0001521519967022,0.9597866991409661
651,435,108.206489,-71.026334,0.0001520125924746,0.9599387117334407
652,13029,287.400326,34.909968,0.0001514528094677,0.9600901645429084
653,4882,62.598374,-23.592169,0.0001511064208146,0.960241270963723
654,6371,33.113353,-12.524197,0.0001486664276333,0.9603899373913564
655,1196,87.289125,-58.377223,0.0001475492711475,0.9605374866625038
656,7724,37.331964,-3.037364,0.0001472336034596,0.9606847202659634
657,194,124.611134,-77.350889,0.0001467494590827,0.9608314697250461
658,3870,45.296839,-31.497863,0.0001465179306722,0.9609779876557183
659,238,76.137092,-75.769751,0.0001459308652789,0.9611239185209972
660,5500,36.276763,-18.848753,0.0001458862917124,0.9612698048127096
661,305,131.061067,-74.188612,0.0001453194507408,0.9614151242634504
662,12049,271.773141,27.004273,0.0001450101172325,0.9615601343806829
663,7492,29.501611,-4.618503,0.0001449226396071,0.96170505702029
664,8322,262.909747,0.124913,0.0001435151136287,0.9618485721339186
665,972,90.565375,-61.539501,0.0001432192439491,0.9619917913778677
666,7870,268.502984,-3.037364,0.0001428278449416,0.9621346192228093
667,4460,41.928603,-26.754447,0.0001427087004282,0.9622773279232375
668,367,120.738689,-72.607473,0.0001420803649612,0.9624194082881987
669,12841,287.141166,33.328829,0.0001411525018885,0.9625605607900872
670,9231,263.349046,6.449469,0.0001407429127268,0.962701303702814
671,1071,56.095248,-59.958362,0.000140513285031,0.962841816987845
672,5091,61.892599,-22.01103,0.0001404790982547,0.9629822960860996
673,5729,59.021974,-17.267614,0.0001386321228827,0.9631209282089823
674,8177,33.644072,0.124913,0.0001379304709339,0.9632588586799162
675,8323,264.49089,0.124913,0.0001352166493486,0.9633940753292648
676,8550,263.055538,1.706052,0.0001349491503482,0.963529024479613
677,6163,54.234655,-14.105336,0.0001348001138071,0.96366382459342
678,677,95.255632,-66.282918,0.0001346545064127,0.9637984790998327
679,11436,282.581992,22.260857,0.0001338993402854,0.9639323784401181
680,13028,285.472231,34.909968,0.000133770687144,0.9640661491272622
681,7869,266.91962,-3.037364,0.0001335251889292,0.9641996743161914
682,5945,56.724059,-15.686475,0.0001332716259173,0.9643329459421086
683,12449,275.228527,30.166551,0.0001324263353956,0.9644653722775042
684,239,82.569214,-75.769751,0.0001312005133291,0.9645965727908333
685,13215,291.538005,36.491106,0.0001311679990563,0.9647277407898897
686,147,119.917266,-78.932028,0.0001309950903685,0.9648587358802582
687,7950,35.500208,-1.456226,0.000130722521746,0.9649894584020041
688,8631,31.640973,3.287191,0.0001304510685978,0.9651199094706019
689,8777,262.867689,3.287191,0.0001300683272641,0.965249977797866
690,8404,32.106895,1.706052,0.0001298835729153,0.9653798613707814
691,8783,272.370156,3.287191,0.0001296715298344,0.9655095329006158
692,9456,263.323785,8.030607,0.000129412996495,0.9656389458971109
693,13214,289.57129,36.491106,0.0001291495657229,0.9657680954628337
694,5715,35.841245,-17.267614,0.000129140189477,0.9658972356523107
695,9688,275.132379,9.611746,0.0001282661419089,0.9660255017942195
696,9681,263.906821,9.611746,0.0001268393436974,0.9661523411379169
697,11010,280.880223,19.098579,0.0001253211812649,0.9662776623191818
698,1442,84.844649,-55.214946,0.0001242744691251,0.9664019367883069
699,13030,289.328421,34.909968,0.0001242293267953,0.9665261661151022
700,2789,70.771947,-40.984696,0.0001232982359673,0.9666494643510696
701,12842,289.033542,33.328829,0.0001232673493421,0.9667727317004117
702,1848,78.769129,-50.471529,0.0001228654950657,0.9668955971954774
703,10135,277.363334,12.774024,0.0001228344873598,0.9670184316828372
704,1306,56.468479,-56.796085,0.0001227129025266,0.9671411445853638
705,12837,279.571662,33.328829,0.0001216644782446,0.9672628090636084
706,2951,48.076876,-39.403557,0.0001206066895055,0.9673834157531139
707,13393,289.220237,38.072245,0.0001205783776803,0.9675039941307942
708,6602,47.151134,-10.943058,0.0001205333001745,0.9676245274309687
709,13027,283.544136,34.909968,0.0001203580545831,0.9677448854855518
710,13213,287.604575,36.491106,0.0001201903755969,0.9678650758611487
711,294,67.228602,-74.188612,0.0001192491226181,0.9679843249837667
712,8857,29.045155,4.86833,0.0001191844764286,0.9681035094601953
713,13395,293.237185,38.072245,0.0001186526944755,0.9682221621546708
714,8855,25.871428,4.86833,0.0001184429335209,0.9683406050881918
715,8098,269.584357,-1.456226,0.0001183002325466,0.9684589053207383
716,10348,264.81323,14.355163,0.0001181980504498,0.9685771033711881
717,6382,50.929832,-12.524197,0.0001178524121788,0.9686949557833668
718,3127,47.454691,-37.822419,0.0001172340496313,0.9688121898329981
719,770,94.36004,-64.701779,0.0001164068232702,0.9689285966562683
720,13571,293.08681,39.653384,0.0001160316459712,0.9690446283022395
721,13394,291.228711,38.072245,0.0001160172847086,0.969160645586948
722,10794,280.073217,17.51744,0.0001152062770424,0.9692758518639905
723,247,134.026187,-75.769751,0.0001147341910807,0.9693905860550711
724,11844,269.908911,25.423135,0.0001136937956036,0.9695042798506747
725,368,126.028259,-72.607473,0.0001132586670143,0.969617538517689
726,7273,41.259077,-6.199642,0.0001126827498369,0.9697302212675258
727,8094,263.257758,-1.456226,0.000112104679959,0.9698423259474849
728,148,128.153505,-78.932028,0.0001102776672222,0.969952603614707
729,9912,276.264615,11.192885,0.0001100160903394,0.9700626197050465
730,13570,291.033167,39.653384,0.0001099940006765,0.9701726137057229
731,8095,264.839408,-1.456226,0.0001097244832951,0.970282338189018
732,12057,285.970109,27.004273,0.0001094036093883,0.9703917417984063
733,146,111.681027,-78.932028,0.0001092576358009,0.9705009994342072
734,8327,270.81546,0.124913,0.0001091689128748,0.970610168347082
735,241,95.433457,-75.769751,0.0001085320354379,0.97071870038252
736,667,55.945408,-66.282918,0.0001084799919722,0.9708271803744921
737,9004,262.314114,4.86833,0.0001082445198849,0.970935424894377
738,3138,69.472913,-37.822419,0.000107260128642,0.971042685023019
739,13212,285.63786,36.491106,0.0001069943958825,0.9711496794189015
740,5077,38.016357,-22.01103,0.0001068445129993,0.9712565239319008
741,7866,262.169531,-3.037364,0.0001048884967198,0.9713614124286205
742,189,88.508721,-77.350889,0.0001045685871823,0.9714659810158028
743,195,131.831617,-77.350889,0.000104398056288,0.9715703790720909
744,509,102.674406,-69.445195,0.0001041762185922,0.971674555290683
745,13572,295.140453,39.653384,0.0001040466043407,0.9717786018950237
746,13031,291.256516,34.909968,0.0001040439468423,0.971882645841866
747,5287,36.824216,-20.429891,0.000101544220149,0.971984190062015
748,12250,272.674596,28.585412,0.0001012447783999,0.9720854348404149
749,5946,58.366364,-15.686475,0.0001008926735709,0.9721863275139858
750,7868,265.336257,-3.037364,0.0001006357932282,0.972286963307214
751,13392,287.211763,38.072245,0.0001000428883875,0.9723870061956015
752,9083,27.850099,6.449469,9.993257078926774e-05,0.9724869387663907
753,9011,273.42216,4.86833,9.90568723888178e-05,0.9725859956387796
754,13026,281.616041,34.909968,9.865697613704295e-05,0.9726846526149167
755,8627,25.305994,3.287191,9.821854578802036e-05,0.9727828711607047
756,8858,30.632019,4.86833,9.794512717010544e-05,0.9728808162878748
757,11427,267.20573,22.260857,9.782075549098368e-05,0.9729786370433658
758,306,136.864018,-74.188612,9.75877882817278e-05,0.9730762248316476
759,10568,265.411379,15.936302,9.684590804128408e-05,0.9731730707396888
760,10127,264.393209,12.774024,9.684567575684584e-05,0.9732699164154457
761,4260,42.815511,-28.335586,9.64468043907384e-05,0.9733663632198364
762,7867,263.752894,-3.037364,9.563022861243775e-05,0.9734619934484489
763,13396,295.24566,38.072245,9.47873561366576e-05,0.9735567808045855
764,107,119.750166,-80.513167,9.469905695836852e-05,0.9736514798615439
765,7639,262.686187,-4.618503,9.42687028918018e-05,0.9737457485644356
766,356,62.55342,-72.607473,9.424449332269792e-05,0.9738399930577584
767,13573,297.194097,39.653384,9.35279083540622e-05,0.9739335209661124
768,7642,267.445056,-4.618503,9.33643899827714e-05,0.9740268853560952
769,590,97.718361,-67.864056,9.29434113384453e-05,0.9741198287674336
770,9463,274.501369,8.030607,9.240171499360944e-05,0.9742122304824272
771,2144,76.465585,-47.309252,9.220969605423736e-05,0.9743044401784815
772,108,129.343236,-80.513167,9.207852639031826e-05,0.9743965187048719
773,145,103.444787,-78.932028,9.194236542077492e-05,0.9744884610702926
774,2299,75.061996,-45.728113,9.16889169447469e-05,0.9745801499872374
775,12651,288.757695,31.74769,9.143908352790024e-05,0.9746715890707653
776,13743,294.303304,41.234523,9.114495442474696e-05,0.9747627340251901
777,1838,53.926485,-50.471529,9.086342737634036e-05,0.9748535974525664
778,12258,287.079608,28.585412,9.058481842286748e-05,0.9749441822709892
779,109,138.936306,-80.513167,9.020437532083812e-05,0.97503438664631
780,13744,296.405832,41.234523,9.020122452803108e-05,0.9751245878708381
781,13742,292.200776,41.234523,8.947550053791349e-05,0.9752140633713761
782,13569,288.979524,39.653384,8.915744788141135e-05,0.9753032208192575
783,13216,293.50472,36.491106,8.902981676575243e-05,0.9753922506360232
784,7049,43.637953,-7.780781,8.873963658859433e-05,0.9754809902726118
785,8405,33.688735,1.706052,8.791685399659722e-05,0.9755689071266084
786,8093,261.676108,-1.456226,8.775533626811793e-05,0.9756566624628765
787,9082,26.25889,6.449469,8.694234094118648e-05,0.9757436048038177
788,499,57.640952,-69.445195,8.664248413512057e-05,0.9758302472879529
789,237,69.70497,-75.769751,8.662500940324881e-05,0.9759168722973561
790,2962,70.585817,-39.403557,8.618209604793013e-05,0.9760030543934041
791,3491,45.706716,-34.660141,8.610690850581023e-05,0.9760891613019099
792,149,136.389745,-78.932028,8.560177183170105e-05,0.9761747630737416
793,12456,288.030259,30.166551,8.49444337150631e-05,0.9762597075074567
794,11001,265.821074,19.098579,8.378382716570439e-05,0.9763434913346224
795,188,81.288239,-77.350889,8.367913843913465e-05,0.9764271704730615
796,4868,38.443504,-23.592169,8.332312396152095e-05,0.976510493597023
797,5515,61.337748,-18.848753,8.32472656092828e-05,0.9765937408626323
798,6603,48.761556,-10.943058,8.270128441503417e-05,0.9766764421470473
799,6150,33.040842,-14.105336,8.264137659266493e-05,0.9767590835236399
800,11646,284.441639,23.841996,8.211130060485137e-05,0.9768411948242448
801,8556,272.546579,1.706052,8.158935910140698e-05,0.9769227841833462
802,7641,265.858766,-4.618503,8.147059313959651e-05,0.9770042547764858
803,13745,298.50836,41.234523,8.086896707519224e-05,0.9770851237435609
804,12644,275.74227,31.74769,8.068404147257929e-05,0.9771658077850335
805,11215,265.821756,20.679718,8.057720103797183e-05,0.9772463849860714
806,10785,265.150953,17.51744,8.037629216671368e-05,0.9773267612782381
807,8400,25.779534,1.706052,7.953117408495821e-05,0.9774062924523231
808,196,139.052099,-77.350889,7.927840267949246e-05,0.9774855708550027
809,190,95.729204,-77.350889,7.885265077086201e-05,0.9775644235057735
810,76,145.305584,-82.094306,7.885054119297336e-05,0.9776432740469665
811,75,133.809986,-82.094306,7.861359981643735e-05,0.9777218876467829
812,12843,290.925918,33.328829,7.793455393861632e-05,0.9777998222007215
813,11225,282.722045,20.679718,7.782536699806018e-05,0.9778776475677196
814,6164,55.864948,-14.105336,7.777922913711548e-05,0.9779554267968567
815,13211,283.671145,36.491106,7.763931499497992e-05,0.9780330661118516
816,13741,290.098248,41.234523,7.746767658285822e-05,0.9781105337884345
817,13391,285.203289,38.072245,7.726908014333764e-05,0.9781878028685779
818,12448,273.399708,30.166551,7.682601701727096e-05,0.9782646288855952
819,12048,269.99852,27.004273,7.658150119527451e-05,0.9783412103867904
820,437,117.932577,-71.026334,7.635458542953331e-05,0.97841756497222
821,110,148.529376,-80.513167,7.614883037813054e-05,0.9784937138025981
822,106,110.157096,-80.513167,7.572595712274273e-05,0.9785694397597209
823,7640,264.272476,-4.618503,7.553387272608684e-05,0.978644973632447
824,7951,37.081858,-1.456226,7.548884169927594e-05,0.9787204624741462
825,248,140.458309,-75.769751,7.52845335734724e-05,0.9787957470077198
826,13574,299.24774,39.653384,7.511641695166356e-05,0.9788708634246714
827,12836,277.679286,33.328829,7.47799882454087e-05,0.9789456434129169
828,8178,35.225215,0.124913,7.472698752463829e-05,0.9790203704004415
829,13397,297.254134,38.072245,7.40787860531907e-05,0.9790944491864947
830,7415,267.1016,-6.199642,7.381396228479912e-05,0.9791682631487795
831,8549,261.473698,1.706052,7.279185707648666e-05,0.979241055005856
832,4662,39.89072,-25.173308,7.276565615556307e-05,0.9793138206620116
833,9084,29.441308,6.449469,7.259539737068935e-05,0.9793864160593823
834,3503,68.773884,-34.660141,7.172170799338005e-05,0.9794581377673757
835,187,74.067756,-77.350889,7.1683748107382e-05,0.9795298215154831
836,13217,295.471435,36.491106,7.086921462162142e-05,0.9796006907301047
837,13568,286.925881,39.653384,7.058709400409056e-05,0.9796712778241088
838,13032,293.184611,34.909968,7.046079811981689e-05,0.9797417386222286
839,9238,274.48751,6.449469,7.007492336861507e-05,0.9798118135455972
840,7718,27.831785,-3.037364,6.974195671860672e-05,0.9798815555023158
841,9904,263.370244,11.192885,6.964913350991903e-05,0.9799512046358257
842,2778,47.731972,-40.984696,6.944780590315512e-05,0.9800206524417289
843,77,156.801182,-82.094306,6.935358063607825e-05,0.980090006022365
844,436,113.069533,-71.026334,6.934695671479933e-05,0.9801593529790797
845,868,92.758247,-63.12064,6.931085257070927e-05,0.9802286638316504
846,6825,45.583602,-9.36192,6.902960251614514e-05,0.9802976934341665
847,28,167.478469,-85.256584,6.841018169014395e-05,0.9803661036158566
848,3307,45.883158,-36.24128,6.821022540412638e-05,0.9804343138412608
849,11853,285.664943,25.423135,6.807068753286495e-05,0.9805023845287937
850,8321,261.328605,0.124913,6.804873551990134e-05,0.9805704332643136
851,12652,290.617042,31.74769,6.780547199282361e-05,0.9806382387363064
852,144,95.208548,-78.932028,6.700196557550196e-05,0.9807052407018819
853,143,86.972309,-78.932028,6.685369994064897e-05,0.9807720944018226
854,591,101.914529,-67.864056,6.68449695562485e-05,0.9808389393713788
855,150,144.625984,-78.932028,6.666185316375804e-05,0.9809056012245425
856,2458,74.718052,-44.146974,6.641888086583016e-05,0.9809720201054083
857,1562,54.767676,-53.633807,6.581127136666823e-05,0.9810378313767749
858,8099,271.166006,-1.456226,6.561525115952109e-05,0.9811034466279345
859,7412,262.330279,-6.199642,6.495403584185095e-05,0.9811684006637763
860,13746,300.610889,41.234523,6.495062768383439e-05,0.9812333512914602
861,13913,299.468263,42.815662,6.449244339395925e-05,0.9812978437348541
862,13912,297.312784,42.815662,6.447943718142578e-05,0.9813623231720355
863,6592,31.046912,-10.943058,6.442246824823118e-05,0.9814267456402838
864,7725,38.915327,-3.037364,6.441311549854071e-05,0.9814911587557823
865,7643,269.031345,-4.618503,6.439662254419747e-05,0.9815555553783265
866,9081,24.667681,6.449469,6.427506729116865e-05,0.9816198304456176
867,6383,52.549512,-12.524197,6.398880917220192e-05,0.9816838192547899
868,4063,43.210131,-29.916724,6.373507770992806e-05,0.9817475543324998
869,5714,34.185479,-17.267614,6.368054926332982e-05,0.9818112348817631
870,2133,50.814441,-47.309252,6.355291054261156e-05,0.9818747877923057
871,5931,33.731781,-15.686475,6.256837287680996e-05,0.9819373561651825
872,111,158.122445,-80.513167,6.194786812403592e-05,0.9819993040333066
873,13910,293.001827,42.815662,6.165419207077224e-05,0.9820609582253774
874,13210,281.70443,36.491106,6.142650505851705e-05,0.9821223847304359
875,5302,62.133236,-20.429891,6.1085535194978e-05,0.9821834702656309
876,13911,295.157305,42.815662,6.095769089402676e-05,0.9822444279565249
877,425,59.576046,-71.026334,6.094743884534899e-05,0.9823053753953702
878,74,122.314388,-82.094306,6.076611051332378e-05,0.9823661415058835
879,6165,57.495241,-14.105336,6.06482131242319e-05,0.9824267897190078
880,580,55.756683,-67.864056,6.0504131917260266e-05,0.982487293850925
881,10577,280.210391,15.936302,5.977331686300477e-05,0.9825470671677881
882,1983,52.126949,-48.89039,5.976715252900908e-05,0.982606834320317
883,11437,284.290466,22.260857,5.97610509067721e-05,0.9826665953712238
884,857,54.288859,-63.12064,5.961871132164315e-05,0.9827262140825455
885,29,186.598896,-85.256584,5.940421483034768e-05,0.9827856182973758
886,7491,27.915322,-4.618503,5.93993213206524e-05,0.9828450176186965
887,7871,270.086347,-3.037364,5.936872901224309e-05,0.9829043863477087
888,27,148.358042,-85.256584,5.926334256682911e-05,0.9829636496902755
889,6604,50.371978,-10.943058,5.916518009719607e-05,0.9830228148703727
890,6370,31.493673,-12.524197,5.906327820766287e-05,0.9830818781485804
891,13025,279.687946,34.909968,5.862778610930522e-05,0.9831405059346897
892,13575,301.301383,39.653384,5.850971237735956e-05,0.983199015647067
893,2288,50.146621,-45.728113,5.849240768868433e-05,0.9832575080547558
894,12844,292.818294,33.328829,5.838114466600087e-05,0.9833158891994218
895,8172,25.738359,0.124913,5.828350770561912e-05,0.9833741727071275
896,48,133.117365,-83.675445,5.815937138737072e-05,0.9834323320785149
897,8328,272.396603,0.124913,5.815222349793738e-05,0.9834904843020128
898,50,161.823515,-83.675445,5.7791780795069695e-05,0.9835482760828079
899,9230,261.757837,6.449469,5.765581999260012e-05,0.9836059319028005
900,8632,33.224718,3.287191,5.74141493438903e-05,0.9836633460521444
901,26,129.237614,-85.256584,5.7047712996013926e-05,0.9837203937651404
902,8784,273.953901,3.287191,5.694540322641784e-05,0.9837773391683668
903,13,176.994334,-86.837722,5.678219615628386e-05,0.9838341213645231
904,7040,29.275472,-7.780781,5.6767991298570885e-05,0.9838908893558217
905,3319,69.408083,-36.24128,5.650192797647186e-05,0.9839473912837982
906,9308,26.997726,8.030607,5.648999461850964e-05,0.9840038812784166
907,5947,60.00867,-15.686475,5.578957673440649e-05,0.984059670855151
908,52,190.529665,-83.675445,5.574092371740767e-05,0.9841154117788684
909,13740,287.995719,41.234523,5.569921806704023e-05,0.9841711109969354
910,13398,299.262608,38.072245,5.569088237100161e-05,0.9842268018793064
911,13909,290.846348,42.815662,5.5548388016197966e-05,0.9842823502673227
912,13747,302.713417,41.234523,5.5380603447564326e-05,0.9843377308707703
913,307,142.666969,-74.188612,5.526059693775035e-05,0.984392991467708
914,8776,261.283944,3.287191,5.5212374058563325e-05,0.9844482038417666
915,11636,267.155079,23.841996,5.513202087539783e-05,0.9845033358626419
916,2610,47.966176,-42.565835,5.493344662793767e-05,0.9845582693092699
917,73,110.81879,-82.094306,5.466918551949613e-05,0.9846129384947895
918,7274,42.849517,-6.199642,5.460767435058533e-05,0.9846675461691401
919,13033,295.112706,34.909968,5.4357844701308366e-05,0.9847219040138414
920,11843,268.158241,25.423135,5.423698171699711e-05,0.9847761409955584
921,4273,66.168395,-28.335586,5.406678316267465e-05,0.9848302077787211
922,4473,64.947745,-26.754447,5.387447513414062e-05,0.9848840822538553
923,13914,301.623742,42.815662,5.382939962891899e-05,0.9849379116534842
924,12457,289.859077,30.166551,5.323787550685932e-05,0.984991149528991
925,7499,40.605639,-4.618503,5.276659826733661e-05,0.9850439161272584
926,961,54.068835,-61.539501,5.267404795454096e-05,0.9850965901752129
927,759,53.659562,-64.701779,5.232750141897208e-05,0.9851489176766318
928,12249,270.87397,28.585412,5.232706561157434e-05,0.9852012447422434
929,7413,263.920719,-6.199642,5.229950597733343e-05,0.9852535442482206
930,13577,305.408669,39.653384,5.218117522826642e-05,0.985305725423449
931,7414,265.511159,-6.199642,5.218004949780026e-05,0.9853579054729468
932,13218,297.43815,36.491106,5.210662565907231e-05,0.9854100120986058
933,49,147.47044,-83.675445,5.203834968265732e-05,0.9854620504482885
934,197,146.272582,-77.350889,5.201644123643675e-05,0.9855140668895249
935,13400,303.279556,38.072245,5.1990853281927885e-05,0.9855660577428068
936,973,93.883242,-61.539501,5.169216126101557e-05,0.9856177499040678
937,1708,82.050151,-52.052668,5.155452296448217e-05,0.9856693044270323
938,1082,90.836582,-59.958362,5.1463347743190666e-05,0.9857207677747755
939,9307,25.400928,8.030607,5.108055308154226e-05,0.985771848327857
940,1573,84.100178,-53.633807,5.050320712375152e-05,0.9858223515349808
941,6384,54.169191,-12.524197,5.050019043369671e-05,0.9858728517254145
942,13567,284.872238,39.653384,5.00874547355348e-05,0.9859229391801501
943,13576,303.355026,39.653384,5.003563129462444e-05,0.9859729748114446
944,12,148.331895,-86.837722,4.989911990020756e-05,0.9860228739313448
945,3869,43.442478,-31.497863,4.988636037189228e-05,0.9860727602917166
946,7638,261.099897,-4.618503,4.954979957162192e-05,0.9861223100912883
947,7189,267.054314,-7.780781,4.936719494632585e-05,0.9861716772862346
948,10136,278.9846,12.774024,4.923878274111214e-05,0.9862209160689757
949,13220,301.371579,36.491106,4.910992381694031e-05,0.9862700259927926
950,13401,305.288031,38.072245,4.881635892910401e-05,0.9863188423517216
951,8854,24.284564,4.86833,4.879464948140858e-05,0.986367637001203
952,7050,45.233784,-7.780781,4.86387572129574e-05,0.986416275758416
953,10357,279.502103,14.355163,4.863565466289201e-05,0.9864649114130788
954,13579,309.515955,39.653384,4.8376120634041126e-05,0.9865132875337128
955,438,122.795622,-71.026334,4.818331670426097e-05,0.9865614708504171
956,1994,78.579397,-48.89039,4.8129749704521824e-05,0.9866096006001216
957,13390,283.194815,38.072245,4.808102455934032e-05,0.9866576816246809
958,9680,262.30317,9.611746,4.748765184926561e-05,0.9867051692765302
959,13399,301.271082,38.072245,4.74803292189202e-05,0.9867526496057492
960,7186,262.266821,-7.780781,4.7365745257328775e-05,0.9868000153510065
961,13219,299.404864,36.491106,4.734304844566889e-05,0.9868473583994521
962,1697,53.766715,-52.052668,4.726678515836175e-05,0.9868946251846105
963,186,66.847273,-77.350889,4.7138430051024375e-05,0.9869417636146615
964,142,78.73607,-78.932028,4.679481180907461e-05,0.9869885584264705
965,13915,303.779221,42.815662,4.643853405930861e-05,0.9870349969605298
966,2622,73.728092,-42.565835,4.586152283514398e-05,0.9870808584833649
967,78,168.296779,-82.094306,4.567749178983131e-05,0.9871265359751548
968,9012,275.009024,4.86833,4.544850594837512e-05,0.9871719844811031
969,13034,297.040801,34.909968,4.5433057681609553e-05,0.9872174175387847
970,1317,88.228667,-56.796085,4.535265301621638e-05,0.9872627701918009
971,13578,307.462312,39.653384,4.5334785827888536e-05,0.9873081049776288
972,11011,282.553462,19.098579,4.529318277475647e-05,0.9873533981604036
973,13748,304.815945,41.234523,4.527841808456682e-05,0.9873986765784881
974,236,63.272849,-75.769751,4.510521443382685e-05,0.9874437817929219
975,6963,266.726271,-9.36192,4.493827355423116e-05,0.9874887200664761
976,7188,265.458483,-7.780781,4.492285249671408e-05,0.9875336429189728
977,13749,306.918473,41.234523,4.488461073916384e-05,0.987578527529712
978,4076,66.9249,-29.916724,4.476253367471313e-05,0.9876232900633867
979,6827,48.788568,-9.36192,4.414110654015506e-05,0.9876674311699268
980,510,107.177751,-69.445195,4.409426078408733e-05,0.987711525430711
981,51,176.17659,-83.675445,4.382332259032933e-05,0.9877553487533013
982,678,99.186655,-66.282918,4.375086446643886e-05,0.9877990996177677
983,13221,303.338294,36.491106,4.3749768104557935e-05,0.9878428493858722
984,9913,277.876411,11.192885,4.373521501233011e-05,0.9878865846008845
985,105,100.564027,-80.513167,4.356619764481911e-05,0.9879301507985293
986,293,61.42565,-74.188612,4.3495065193514666e-05,0.9879736458637228
987,13402,307.296505,38.072245,4.285823674844633e-05,0.9880165041004713
988,6815,29.558771,-9.36192,4.278708564398026e-05,0.9880592911861152
989,1982,49.722181,-48.89039,4.258716887795134e-05,0.9881018783549932
990,30,205.719323,-85.256584,4.251905297090084e-05,0.9881443974079641
991,2132,48.482519,-47.309252,4.244832736793023e-05,0.988186845735332
992,7411,260.739838,-6.199642,4.2392309231582496e-05,0.9882292380445635
993,13035,298.968896,34.909968,4.236741572566205e-05,0.9882716054602891
994,13750,309.021002,41.234523,4.2268199642836696e-05,0.988313873659932
995,104,90.970957,-80.513167,4.203710819205015e-05,0.988355910768124
996,9085,31.032517,6.449469,4.199000172581481e-05,0.9883979007698498
997,53,204.88274,-83.675445,4.188232091087714e-05,0.9884397830907606
998,47,118.764289,-83.675445,4.177072013409632e-05,0.9884815538108948
999,1837,51.442221,-50.471529,4.1520982476170205e-05,0.9885230747933709
1000,7187,263.862652,-7.780781,4.131104487380397e-05,0.9885643858382447
1001,13580,311.569598,39.653384,4.1228078582338464e-05,0.988605613916827
1002,13916,305.9347,42.815662,4.118603150561826e-05,0.9886467999483326
1003,14076,297.268099,44.396801,4.088361160903349e-05,0.9886876835599416
1004,2446,48.275964,-44.146974,4.0642546290067776e-05,0.9887283261062317
1005,6166,59.125535,-14.105336,4.057353061068335e-05,0.9887688996368424
1006,12845,294.71067,33.328829,4.023290950419037e-05,0.9888091325463466
1007,8859,32.218883,4.86833,4.0221814407851765e-05,0.9888493543607545
1008,9464,276.098166,8.030607,3.989753821959358e-05,0.9888892518989741
1009,13751,311.12353,41.234523,3.986445330225062e-05,0.9889291163522764
1010,1197,90.304698,-58.377223,3.970735796574996e-05,0.9889688237102422
1011,14075,295.055205,44.396801,3.956173617276341e-05,0.989008385446415
1012,5499,34.606031,-18.848753,3.952066708236485e-05,0.9890479061134974
1013,12643,273.882924,31.74769,3.9476052639920485e-05,0.9890873821661372
1014,12835,275.78691,33.328829,3.932818033418824e-05,0.9891267103464714
1015,112,167.715515,-80.513167,3.926551776187098e-05,0.9891659758642333
1016,7726,40.49869,-3.037364,3.91879413295627e-05,0.9892051638055628
1017,9309,28.594523,8.030607,3.9103459792183577e-05,0.989244267265355
1018,2287,47.881587,-45.728113,3.883411178055825e-05,0.9892831013771355
1019,9689,276.73603,9.611746,3.877582384148945e-05,0.989321877200977
1020,1431,54.358151,-55.214946,3.872661942372015e-05,0.9893606038204007
1021,151,152.862223,-78.932028,3.871538524943085e-05,0.9893993192056502
1022,7265,28.535555,-6.199642,3.861929582297928e-05,0.9894379385014731
1023,10795,281.731246,17.51744,3.856224290884773e-05,0.989476500744382
1024,5076,36.310911,-22.01103,3.8449681242875856e-05,0.9895149504256249
1025,6962,265.123788,-9.36192,3.805861951836485e-05,0.9895530090451432
1026,6605,51.9824,-10.943058,3.781609881360994e-05,0.9895908251439568
1027,7500,42.191928,-4.618503,3.777269009774332e-05,0.9896285978340545
1028,13024,277.759851,34.909968,3.773924734160598e-05,0.9896663370813962
1029,13752,313.226058,41.234523,3.767826943540227e-05,0.9897040153508315
1030,4676,64.349642,-25.173308,3.757849405715655e-05,0.9897415938448887
1031,6738,266.168556,-10.943058,3.753189543964778e-05,0.9897791257403283
1032,141,70.49983,-78.932028,3.703473514742044e-05,0.9898161604754757
1033,13403,309.304979,38.072245,3.694717398324465e-05,0.989853107649459
1034,4883,64.323721,-23.592169,3.6844939351684926e-05,0.9898899525888106
1035,12058,287.74473,27.004273,3.6824537116983945e-05,0.9899267771259276
1036,12259,288.880235,28.585412,3.681007442323191e-05,0.9899635872003508
