Method,Dataset,Budget,SlewRate,DwellTime,NumTiles,SumProb,TotalCost,TimeSec,Path
Greedy,/home/research/w.yanwang/Telescope-Searching-Problem/data_RTSS_0518/large/filtered_GW191219_163120_7dt.csv,10,50,1,11,0.0374197,9.41875,2.0603e-05,0 1 2 3 4 5 6 7 8 9 2017
Hoogeveen,/home/research/w.yanwang/Telescope-Searching-Problem/data_RTSS_0518/large/filtered_GW191219_163120_7dt.csv,10,50,1,11,0.0374197,9.27686,0.0214539,0 1 9 8 7 5 2 3 4 6 2017
Gurobi,/home/research/w.yanwang/Telescope-Searching-Problem/data_RTSS_0518/large/filtered_GW191219_163120_7dt.csv,10,50,1,11,0.0374197,9.27686,80.9097,0 1 9 8 7 5 2 3 4 6 2017
Greedy,/home/research/w.yanwang/Telescope-Searching-Problem/data_RTSS_0518/large/filtered_GW191219_163120_7dt.csv,200,50,1,157,0.323062,199.922,3.071e-05,0 1 2 3 4 5 6 7 8 9 10 11 12 13 14 15 16 17 18 19 20 21 22 23 24 25 26 27 28 29 30 31 32 33 34 35 36 37 38 39 40 41 42 43 44 46 48 49 54 56 57 58 59 61 64 67 68 70 72 75 78 80 90 91 95 104 109 111 112 116 117 121 122 123 126 127 128 129 131 134 140 141 142 144 145 147 150 151 152 154 155 157 160 162 164 168 170 171 173 175 176 177 180 182 185 186 187 189 192 194 198 199 201 204 207 208 209 211 212 214 220 222 223 226 228 229 231 232 238 239 240 241 244 246 248 249 251 252 253 254 257 260 261 265 270 271 272 275 277 278 279 281 282 283 285 287 2017
Hoogeveen,/home/research/w.yanwang/Telescope-Searching-Problem/data_RTSS_0518/large/filtered_GW191219_163120_7dt.csv,200,50,1,192,0.360505,199.888,0.167275,0 1 287 316 297 340 307 306 270 260 281 272 282 330 283 336 344 329 328 334 321 311 317 265 294 279 26 61 126 246 289 320 220 186 201 244 207 335 134 204 302 78 80 194 291 251 339 182 37 112 278 180 68 35 241 249 140 57 40 285 144 232 64 271 151 31 39 54 261 141 226 142 90 127 155 252 162 111 91 70 72 152 305 292 109 59 27 23 20 11 10 6 16 309 171 173 238 337 116 21 9 24 14 3 4 25 2 5 7 38 8 15 34 42 157 49 46 48 104 253 240 56 30 19 12 28 95 192 75 22 32 36 13 17 58 189 222 67 43 18 33 212 117 29 41 44 198 128 209 129 332 208 123 248 168 239 160 150 154 199 325 211 298 121 122 147 131 175 277 275 185 177 229 295 187 301 223 338 257 254 314 323 312 231 176 214 170 145 164 228 342 2017
Gurobi,/home/research/w.yanwang/Telescope-Searching-Problem/data_RTSS_0518/large/filtered_GW191219_163120_7dt.csv,200,50,1,192,0.361643,199.888,1203.77,0 1 287 316 297 340 307 306 270 260 281 272 282 330 283 336 344 329 328 334 321 311 317 265 294 279 26 61 126 246 289 320 220 186 201 244 207 335 134 204 302 78 80 194 291 251 339 182 37 112 278 180 68 35 241 249 140 57 40 285 144 232 64 271 151 31 39 54 261 141 226 142 90 127 155 252 162 111 91 70 72 152 305 292 109 59 27 23 20 11 10 6 16 309 171 173 238 337 116 21 9 24 14 3 4 25 2 5 7 38 8 15 34 42 157 49 46 48 104 253 240 56 30 19 12 28 95 192 75 22 32 36 13 17 58 189 222 67 43 18 33 212 117 29 41 44 198 128 209 129 332 208 123 248 168 239 160 150 154 199 325 211 298 121 122 147 131 175 277 275 185 177 229 295 187 301 223 338 257 254 314 323 312 231 176 214 170 145 164 228 342 2017
Greedy,/home/research/w.yanwang/Telescope-Searching-Problem/data_RTSS_0518/large/filtered_GW191219_163120_7dt.csv,400,50,1,281,0.432437,398.973,2.3983e-05,0 1 2 3 4 5 6 7 8 9 10 11 12 13 14 15 16 17 18 19 20 21 22 23 24 25 26 27 28 29 30 31 32 33 34 35 36 37 38 39 40 41 42 43 44 46 48 49 54 56 57 58 59 61 64 67 68 70 72 75 78 80 90 91 95 104 109 111 112 116 117 121 122 123 126 127 128 129 131 134 140 141 142 144 145 147 150 151 152 154 155 157 160 162 164 168 170 171 173 175 176 177 180 182 185 186 187 189 192 194 198 199 201 204 207 208 209 211 212 214 220 222 223 226 228 229 231 232 238 239 240 241 244 246 248 249 251 252 253 254 257 260 261 265 270 271 272 275 277 278 279 281 282 283 285 287 289 291 292 294 295 297 298 301 302 305 306 307 309 311 312 314 316 317 320 321 323 325 328 329 330 332 334 335 336 337 338 339 340 342 344 345 346 347 349 351 352 353 354 355 357 359 362 363 364 365 366 367 369 373 374 377 378 379 380 382 383 387 389 390 393 397 399 400 401 405 406 407 408 410 411 414 421 423 424 429 430 433 435 437 438 441 443 445 447 448 449 450 451 453 458 461 463 465 467 468 474 475 476 482 483 486 490 493 494 495 497 499 500 501 504 505 507 509 510 511 512 513 514 515 2017
Hoogeveen,/home/research/w.yanwang/Telescope-Searching-Problem/data_RTSS_0518/large/filtered_GW191219_163120_7dt.csv,400,50,1,380,0.481926,399.633,0.889962,0 1 287 78 46 363 529 592 713 494 575 75 173 22 177 121 122 229 295 526 399 301 397 338 257 254 314 323 424 510 638 640 507 671 635 400 312 231 176 214 223 187 170 145 164 228 342 445 569 591 401 277 175 131 147 185 275 406 501 619 688 534 408 298 476 622 711 571 325 211 154 199 393 710 559 609 430 305 292 109 59 27 54 144 285 359 380 11 2 25 499 421 339 641 112 37 182 42 251 626 465 291 157 49 80 186 201 207 279 265 373 335 134 204 302 194 450 547 656 447 362 572 511 382 405 490 607 687 603 696 504 344 554 377 667 475 357 345 533 704 497 593 595 693 437 645 369 387 441 566 684 546 495 423 474 482 513 585 617 630 639 616 686 624 486 307 340 433 407 316 297 306 270 383 509 410 612 642 514 608 353 260 281 272 282 336 329 328 365 283 330 540 522 623 354 605 524 334 351 317 311 321 374 512 500 682 660 458 61 48 26 34 21 9 24 68 278 468 703 411 180 35 14 5 7 56 104 289 126 246 244 294 352 523 320 220 443 625 691 650 463 448 240 253 95 19 116 30 15 12 8 28 38 192 337 238 379 539 309 32 3 4 20 39 64 232 151 241 57 140 249 565 493 679 550 271 451 683 553 467 621 449 564 669 505 261 364 252 226 142 155 150 160 168 127 162 111 91 90 141 152 72 41 23 18 31 40 10 17 43 13 6 16 36 58 189 171 618 453 602 429 222 698 542 355 67 212 33 29 44 117 209 129 70 128 198 347 521 695 515 346 598 438 520 680 652 332 208 123 248 378 535 390 239 349 483 631 697 543 389 672 647 536 628 560 646 576 541 676 551 578 613 637 518 435 414 366 367 461 2017
Gurobi,/home/research/w.yanwang/Telescope-Searching-Problem/data_RTSS_0518/large/filtered_GW191219_163120_7dt.csv,400,50,1,380,0.481926,399.633,86.4244,0 1 287 78 46 363 529 592 713 494 575 75 173 22 177 121 122 229 295 526 399 301 397 338 257 254 314 323 424 510 638 640 507 671 635 400 312 231 176 214 223 187 170 145 164 228 342 445 569 591 401 277 175 131 147 185 275 406 501 619 688 534 408 298 476 622 711 571 325 211 154 199 393 710 559 609 430 305 292 109 59 27 54 144 285 359 380 11 2 25 499 421 339 641 112 37 182 42 251 626 465 291 157 49 80 186 201 207 279 265 373 335 134 204 302 194 450 547 656 447 362 572 511 382 405 490 607 687 603 696 504 344 554 377 667 475 357 345 533 704 497 593 595 693 437 645 369 387 441 566 684 546 495 423 474 482 513 585 617 630 639 616 686 624 486 307 340 433 407 316 297 306 270 383 509 410 612 642 514 608 353 260 281 272 282 336 329 328 365 283 330 540 522 623 354 605 524 334 351 317 311 321 374 512 500 682 660 458 61 48 26 34 21 9 24 68 278 468 703 411 180 35 14 5 7 56 104 289 126 246 244 294 352 523 320 220 443 625 691 650 463 448 240 253 95 19 116 30 15 12 8 28 38 192 337 238 379 539 309 32 3 4 20 39 64 232 151 241 57 140 249 565 493 679 550 271 451 683 553 467 621 449 564 669 505 261 364 252 226 142 155 150 160 168 127 162 111 91 90 141 152 72 41 23 18 31 40 10 17 43 13 6 16 36 58 189 171 618 453 602 429 222 698 542 355 67 212 33 29 44 117 209 129 70 128 198 347 521 695 515 346 598 438 520 680 652 332 208 123 248 378 535 390 239 349 483 631 697 543 389 672 647 536 628 560 646 576 541 676 551 578 613 637 518 435 414 366 367 461 2017
Greedy,/home/research/w.yanwang/Telescope-Searching-Problem/data_RTSS_0518/large/filtered_GW191219_163120_7dt.csv,600,50,1,404,0.490428,599.352,2.4013e-05,0 1 2 3 4 5 6 7 8 9 10 11 12 13 14 15 16 17 18 19 20 21 22 23 24 25 26 27 28 29 30 31 32 33 34 35 36 37 38 39 40 41 42 43 44 46 48 49 54 56 57 58 59 61 64 67 68 70 72 75 78 80 90 91 95 104 109 111 112 116 117 121 122 123 126 127 128 129 131 134 140 141 142 144 145 147 150 151 152 154 155 157 160 162 164 168 170 171 173 175 176 177 180 182 185 186 187 189 192 194 198 199 201 204 207 208 209 211 212 214 220 222 223 226 228 229 231 232 238 239 240 241 244 246 248 249 251 252 253 254 257 260 261 265 270 271 272 275 277 278 279 281 282 283 285 287 289 291 292 294 295 297 298 301 302 305 306 307 309 311 312 314 316 317 320 321 323 325 328 329 330 332 334 335 336 337 338 339 340 342 344 345 346 347 349 351 352 353 354 355 357 359 362 363 364 365 366 367 369 373 374 377 378 379 380 382 383 387 389 390 393 397 399 400 401 405 406 407 408 410 411 414 421 423 424 429 430 433 435 437 438 441 443 445 447 448 449 450 451 453 458 461 463 465 467 468 474 475 476 482 483 486 490 493 494 495 497 499 500 501 504 505 507 509 510 511 512 513 514 515 518 520 521 522 523 524 526 529 533 534 535 536 539 540 541 542 543 546 547 550 551 553 554 559 560 564 565 566 569 571 572 575 576 578 585 591 592 593 595 598 602 603 605 607 608 609 612 613 616 617 618 619 621 622 623 624 625 626 628 630 631 635 637 638 639 640 641 642 645 646 647 650 652 656 660 667 669 671 672 676 679 680 682 683 684 686 687 688 691 693 695 696 697 698 703 704 710 711 713 714 715 717 719 720 722 725 726 727 728 733 734 735 738 742 746 747 748 749 751 753 755 756 758 2017
Hoogeveen,/home/research/w.yanwang/Telescope-Searching-Problem/data_RTSS_0518/large/filtered_GW191219_163120_7dt.csv,600,50,1,566,0.528604,599.392,1.86743,0 1 147 29 27 54 70 111 142 90 72 41 59 152 292 109 285 467 553 359 144 683 873 679 550 451 271 232 64 39 23 20 31 10 6 17 18 43 44 128 680 885 886 652 520 535 631 834 883 1051 1042 854 672 836 966 1004 864 998 882 1019 913 1056 1007 749 613 578 551 541 576 646 746 804 787 676 794 821 869 995 845 952 975 855 735 637 518 435 414 366 367 461 560 628 765 647 536 187 239 390 543 697 483 349 160 248 378 332 438 598 824 1055 911 355 212 33 67 222 58 13 16 3 4 11 140 1015 380 151 40 57 241 249 493 825 1023 889 807 1017 829 621 449 305 141 261 505 564 775 1058 960 848 1033 1022 1035 956 806 866 622 408 534 688 800 1041 984 936 870 777 619 501 406 275 185 131 175 277 401 591 569 742 832 915 1014 1043 947 778 671 635 445 342 228 164 145 170 223 214 176 231 312 400 507 640 728 853 986 954 840 738 638 510 424 323 314 254 257 338 397 301 399 526 389 295 229 177 122 121 211 298 476 711 571 761 710 559 669 843 609 430 364 226 162 252 393 325 199 154 150 155 127 168 123 208 91 129 209 346 515 695 198 117 347 521 698 903 542 788 1048 602 453 429 189 36 171 618 837 884 539 781 833 976 828 726 1026 715 844 865 650 691 858 962 811 660 863 1000 1054 857 625 458 448 713 592 529 253 363 192 337 494 575 238 75 379 309 173 32 22 5 35 25 2 14 68 278 180 411 565 786 879 703 927 758 827 499 468 641 339 182 978 808 1046 722 756 1021 880 759 809 1037 656 547 626 421 465 251 450 291 194 157 49 46 287 281 272 282 260 383 514 642 887 924 763 1013 916 773 608 353 540 719 751 899 941 982 902 1008 846 734 605 623 522 330 283 336 329 328 365 354 374 500 682 720 512 524 321 334 351 317 265 311 294 352 523 320 443 104 116 19 38 7 8 24 112 37 42 34 26 15 21 9 12 28 95 30 56 240 463 289 246 126 48 61 186 220 244 201 134 78 80 302 204 373 405 490 382 279 207 335 362 447 572 511 607 747 991 826 687 792 907 603 504 838 733 497 704 904 1050 1049 926 969 935 819 802 714 533 475 667 771 696 554 344 377 357 345 316 593 407 297 306 270 509 410 612 793 1036 874 624 486 307 340 433 595 755 917 1030 891 990 1025 965 876 783 789 693 437 645 727 847 1034 942 875 684 566 441 369 387 474 686 852 1028 1016 953 968 972 818 774 830 768 823 616 639 630 717 748 725 617 585 513 482 423 495 546 753 784 1038 871 841 856 943 1059 1011 967 958 1044 2017
Gurobi,/home/research/w.yanwang/Telescope-Searching-Problem/data_RTSS_0518/large/filtered_GW191219_163120_7dt.csv,600,50,1,566,0.528604,599.392,86.6316,0 1 147 29 27 54 70 111 142 90 72 41 59 152 292 109 285 467 553 359 144 683 873 679 550 451 271 232 64 39 23 20 31 10 6 17 18 43 44 128 680 885 886 652 520 535 631 834 883 1051 1042 854 672 836 966 1004 864 998 882 1019 913 1056 1007 749 613 578 551 541 576 646 746 804 787 676 794 821 869 995 845 952 975 855 735 637 518 435 414 366 367 461 560 628 765 647 536 187 239 390 543 697 483 349 160 248 378 332 438 598 824 1055 911 355 212 33 67 222 58 13 16 3 4 11 140 1015 380 151 40 57 241 249 493 825 1023 889 807 1017 829 621 449 305 141 261 505 564 775 1058 960 848 1033 1022 1035 956 806 866 622 408 534 688 800 1041 984 936 870 777 619 501 406 275 185 131 175 277 401 591 569 742 832 915 1014 1043 947 778 671 635 445 342 228 164 145 170 223 214 176 231 312 400 507 640 728 853 986 954 840 738 638 510 424 323 314 254 257 338 397 301 399 526 389 295 229 177 122 121 211 298 476 711 571 761 710 559 669 843 609 430 364 226 162 252 393 325 199 154 150 155 127 168 123 208 91 129 209 346 515 695 198 117 347 521 698 903 542 788 1048 602 453 429 189 36 171 618 837 884 539 781 833 976 828 726 1026 715 844 865 650 691 858 962 811 660 863 1000 1054 857 625 458 448 713 592 529 253 363 192 337 494 575 238 75 379 309 173 32 22 5 35 25 2 14 68 278 180 411 565 786 879 703 927 758 827 499 468 641 339 182 978 808 1046 722 756 1021 880 759 809 1037 656 547 626 421 465 251 450 291 194 157 49 46 287 281 272 282 260 383 514 642 887 924 763 1013 916 773 608 353 540 719 751 899 941 982 902 1008 846 734 605 623 522 330 283 336 329 328 365 354 374 500 682 720 512 524 321 334 351 317 265 311 294 352 523 320 443 104 116 19 38 7 8 24 112 37 42 34 26 15 21 9 12 28 95 30 56 240 463 289 246 126 48 61 186 220 244 201 134 78 80 302 204 373 405 490 382 279 207 335 362 447 572 511 607 747 991 826 687 792 907 603 504 838 733 497 704 904 1050 1049 926 969 935 819 802 714 533 475 667 771 696 554 344 377 357 345 316 593 407 297 306 270 509 410 612 793 1036 874 624 486 307 340 433 595 755 917 1030 891 990 1025 965 876 783 789 693 437 645 727 847 1034 942 875 684 566 441 369 387 474 686 852 1028 1016 953 968 972 818 774 830 768 823 616 639 630 717 748 725 617 585 513 482 423 495 546 753 784 1038 871 841 856 943 1059 1011 967 958 1044 2017
Greedy,/home/research/w.yanwang/Telescope-Searching-Problem/data_RTSS_0518/large/filtered_GW191219_163120_7dt.csv,800,50,1,519,0.520572,799.494,2.7234e-05,0 1 2 3 4 5 6 7 8 9 10 11 12 13 14 15 16 17 18 19 20 21 22 23 24 25 26 27 28 29 30 31 32 33 34 35 36 37 38 39 40 41 42 43 44 46 48 49 54 56 57 58 59 61 64 67 68 70 72 75 78 80 90 91 95 104 109 111 112 116 117 121 122 123 126 127 128 129 131 134 140 141 142 144 145 147 150 151 152 154 155 157 160 162 164 168 170 171 173 175 176 177 180 182 185 186 187 189 192 194 198 199 201 204 207 208 209 211 212 214 220 222 223 226 228 229 231 232 238 239 240 241 244 246 248 249 251 252 253 254 257 260 261 265 270 271 272 275 277 278 279 281 282 283 285 287 289 291 292 294 295 297 298 301 302 305 306 307 309 311 312 314 316 317 320 321 323 325 328 329 330 332 334 335 336 337 338 339 340 342 344 345 346 347 349 351 352 353 354 355 357 359 362 363 364 365 366 367 369 373 374 377 378 379 380 382 383 387 389 390 393 397 399 400 401 405 406 407 408 410 411 414 421 423 424 429 430 433 435 437 438 441 443 445 447 448 449 450 451 453 458 461 463 465 467 468 474 475 476 482 483 486 490 493 494 495 497 499 500 501 504 505 507 509 510 511 512 513 514 515 518 520 521 522 523 524 526 529 533 534 535 536 539 540 541 542 543 546 547 550 551 553 554 559 560 564 565 566 569 571 572 575 576 578 585 591 592 593 595 598 602 603 605 607 608 609 612 613 616 617 618 619 621 622 623 624 625 626 628 630 631 635 637 638 639 640 641 642 645 646 647 650 652 656 660 667 669 671 672 676 679 680 682 683 684 686 687 688 691 693 695 696 697 698 703 704 710 711 713 714 715 717 719 720 722 725 726 727 728 733 734 735 738 742 746 747 748 749 751 753 755 756 758 759 761 763 765 768 771 773 774 775 777 778 781 783 784 786 787 788 789 792 793 794 800 802 804 806 807 808 809 811 818 819 821 823 824 825 826 827 828 829 830 832 833 834 836 837 838 840 841 843 844 845 846 847 848 852 853 854 855 856 857 858 863 864 865 866 869 870 871 873 874 875 876 879 880 882 883 884 885 886 887 889 891 899 902 903 904 907 911 913 915 916 917 924 926 927 935 936 941 942 943 947 952 953 954 956 958 960 962 965 966 967 968 969 972 975 2017
Hoogeveen,/home/research/w.yanwang/Telescope-Searching-Problem/data_RTSS_0518/large/filtered_GW191219_163120_7dt.csv,800,50,1,751,0.547724,799.983,4.56393,0 1 147 59 866 1022 1213 1355 1398 1207 1033 1338 1140 1301 1067 775 1058 669 505 430 609 393 364 559 252 325 476 571 711 848 710 960 761 843 1211 1444 1278 1138 1023 1120 807 553 889 683 451 380 241 151 40 11 4 57 879 927 1129 1110 1378 1476 1263 1065 758 703 411 180 35 68 1212 903 1236 1377 1055 1168 1482 911 695 824 698 521 355 67 27 41 72 70 91 90 141 261 226 142 162 111 123 127 155 199 154 211 121 298 622 806 956 1035 1295 1256 1376 936 870 777 619 501 406 275 185 408 534 688 800 1041 984 1080 1305 1403 1071 1182 1251 1336 1351 1285 1193 1014 915 832 742 569 591 401 277 175 131 170 145 164 228 342 445 635 671 778 947 1043 1092 1174 1298 1339 1385 1333 1226 1155 1084 986 853 728 640 507 400 312 231 176 214 223 301 338 257 254 314 323 424 510 638 738 840 954 1100 1185 1342 1312 1098 975 855 735 637 518 435 414 366 367 461 746 646 576 541 551 578 613 749 845 952 1108 1277 1415 1421 1261 1117 1330 995 869 821 794 676 787 804 1123 1019 913 1056 1007 1121 1258 1358 1313 1169 1341 1369 1192 882 998 1153 1393 1178 836 1113 1414 1361 1165 885 834 1325 1135 883 697 854 1051 1287 1042 1150 966 765 1004 864 628 560 397 536 672 647 526 399 295 187 177 122 150 160 229 389 543 631 483 349 239 248 168 390 535 680 886 652 520 378 208 129 332 438 598 515 346 209 128 198 347 212 33 117 44 29 54 23 18 43 58 189 788 542 222 429 602 453 837 1354 1048 1208 884 618 1468 1519 1463 539 379 36 13 75 173 309 171 32 22 16 6 10 17 20 31 271 64 39 144 232 359 467 285 109 292 152 305 449 564 621 829 1017 1221 1418 1321 1431 1158 1268 1095 1175 1356 1439 1286 1015 679 550 825 873 786 565 493 249 140 25 2 3 7 5 14 468 278 112 182 287 260 282 272 281 357 329 321 524 354 623 605 846 1200 1320 941 751 328 334 351 344 554 345 497 704 802 714 533 475 667 377 336 283 330 365 522 734 982 902 1008 1375 1311 625 1069 1243 844 1447 1118 1026 726 529 116 56 30 19 15 21 37 24 9 12 8 28 38 192 575 781 1195 1137 833 1157 976 828 592 713 494 238 337 95 363 253 448 715 865 650 691 458 443 246 220 126 265 311 374 500 660 682 512 720 811 962 1380 1126 858 1000 1290 1054 857 863 523 320 352 294 244 279 207 373 317 405 504 603 490 382 511 607 747 572 447 204 362 335 201 186 134 78 61 104 289 463 240 48 26 34 42 157 251 465 722 626 421 339 499 827 641 808 1046 1238 1462 1390 1101 978 1395 1452 1116 1021 1297 1499 1424 1079 756 880 656 450 547 291 194 49 46 80 302 759 809 1488 1399 1184 1037 1102 1469 1291 991 826 687 696 771 819 935 792 907 1089 1457 1187 1060 1289 1164 969 1337 1177 1242 926 1049 838 733 593 316 407 297 306 270 383 514 608 353 540 719 899 1111 1160 916 773 1013 1343 1273 924 763 642 509 410 612 793 887 1115 1036 1409 1068 874 624 486 307 340 433 595 755 904 1050 1317 1346 1114 1280 1030 1127 1303 965 847 684 546 585 630 830 953 1216 1202 1316 1419 1064 823 616 513 639 768 1016 1028 852 686 482 474 387 441 645 876 727 566 495 423 369 437 783 693 789 917 891 990 1025 1267 1072 1143 1299 1374 1340 1402 1368 1188 1044 958 1085 871 841 856 967 1063 1112 1167 1315 1329 1225 1244 1059 1011 943 1097 1279 1383 1163 1133 968 972 818 774 717 748 725 617 753 784 942 875 1034 1061 1219 1314 1134 1038 1271 1357 1416 1306 1223 1363 1373 2017
Gurobi,/home/research/w.yanwang/Telescope-Searching-Problem/data_RTSS_0518/large/filtered_GW191219_163120_7dt.csv,800,50,1,751,0.547724,799.983,78.427,0 1 147 59 866 1022 1213 1355 1398 1207 1033 1338 1140 1301 1067 775 1058 669 505 430 609 393 364 559 252 325 476 571 711 848 710 960 761 843 1211 1444 1278 1138 1023 1120 807 553 889 683 451 380 241 151 40 11 4 57 879 927 1129 1110 1378 1476 1263 1065 758 703 411 180 35 68 1212 903 1236 1377 1055 1168 1482 911 695 824 698 521 355 67 27 41 72 70 91 90 141 261 226 142 162 111 123 127 155 199 154 211 121 298 622 806 956 1035 1295 1256 1376 936 870 777 619 501 406 275 185 408 534 688 800 1041 984 1080 1305 1403 1071 1182 1251 1336 1351 1285 1193 1014 915 832 742 569 591 401 277 175 131 170 145 164 228 342 445 635 671 778 947 1043 1092 1174 1298 1339 1385 1333 1226 1155 1084 986 853 728 640 507 400 312 231 176 214 223 301 338 257 254 314 323 424 510 638 738 840 954 1100 1185 1342 1312 1098 975 855 735 637 518 435 414 366 367 461 746 646 576 541 551 578 613 749 845 952 1108 1277 1415 1421 1261 1117 1330 995 869 821 794 676 787 804 1123 1019 913 1056 1007 1121 1258 1358 1313 1169 1341 1369 1192 882 998 1153 1393 1178 836 1113 1414 1361 1165 885 834 1325 1135 883 697 854 1051 1287 1042 1150 966 765 1004 864 628 560 397 536 672 647 526 399 295 187 177 122 150 160 229 389 543 631 483 349 239 248 168 390 535 680 886 652 520 378 208 129 332 438 598 515 346 209 128 198 347 212 33 117 44 29 54 23 18 43 58 189 788 542 222 429 602 453 837 1354 1048 1208 884 618 1468 1519 1463 539 379 36 13 75 173 309 171 32 22 16 6 10 17 20 31 271 64 39 144 232 359 467 285 109 292 152 305 449 564 621 829 1017 1221 1418 1321 1431 1158 1268 1095 1175 1356 1439 1286 1015 679 550 825 873 786 565 493 249 140 25 2 3 7 5 14 468 278 112 182 287 260 282 272 281 357 329 321 524 354 623 605 846 1200 1320 941 751 328 334 351 344 554 345 497 704 802 714 533 475 667 377 336 283 330 365 522 734 982 902 1008 1375 1311 625 1069 1243 844 1447 1118 1026 726 529 116 56 30 19 15 21 37 24 9 12 8 28 38 192 575 781 1195 1137 833 1157 976 828 592 713 494 238 337 95 363 253 448 715 865 650 691 458 443 246 220 126 265 311 374 500 660 682 512 720 811 962 1380 1126 858 1000 1290 1054 857 863 523 320 352 294 244 279 207 373 317 405 504 603 490 382 511 607 747 572 447 204 362 335 201 186 134 78 61 104 289 463 240 48 26 34 42 157 251 465 722 626 421 339 499 827 641 808 1046 1238 1462 1390 1101 978 1395 1452 1116 1021 1297 1499 1424 1079 756 880 656 450 547 291 194 49 46 80 302 759 809 1488 1399 1184 1037 1102 1469 1291 991 826 687 696 771 819 935 792 907 1089 1457 1187 1060 1289 1164 969 1337 1177 1242 926 1049 838 733 593 316 407 297 306 270 383 514 608 353 540 719 899 1111 1160 916 773 1013 1343 1273 924 763 642 509 410 612 793 887 1115 1036 1409 1068 874 624 486 307 340 433 595 755 904 1050 1317 1346 1114 1280 1030 1127 1303 965 847 684 546 585 630 830 953 1216 1202 1316 1419 1064 823 616 513 639 768 1016 1028 852 686 482 474 387 441 645 876 727 566 495 423 369 437 783 693 789 917 891 990 1025 1267 1072 1143 1299 1374 1340 1402 1368 1188 1044 958 1085 871 841 856 967 1063 1112 1167 1315 1329 1225 1244 1059 1011 943 1097 1279 1383 1163 1133 968 972 818 774 717 748 725 617 753 784 942 875 1034 1061 1219 1314 1134 1038 1271 1357 1416 1306 1223 1363 1373 2017
Greedy,/home/research/w.yanwang/Telescope-Searching-Problem/data_RTSS_0518/large/filtered_GW191219_163120_7dt.csv,1000,50,1,630,0.537271,999.249,2.8121e-05,0 1 2 3 4 5 6 7 8 9 10 11 12 13 14 15 16 17 18 19 20 21 22 23 24 25 26 27 28 29 30 31 32 33 34 35 36 37 38 39 40 41 42 43 44 46 48 49 54 56 57 58 59 61 64 67 68 70 72 75 78 80 90 91 95 104 109 111 112 116 117 121 122 123 126 127 128 129 131 134 140 141 142 144 145 147 150 151 152 154 155 157 160 162 164 168 170 171 173 175 176 177 180 182 185 186 187 189 192 194 198 199 201 204 207 208 209 211 212 214 220 222 223 226 228 229 231 232 238 239 240 241 244 246 248 249 251 252 253 254 257 260 261 265 270 271 272 275 277 278 279 281 282 283 285 287 289 291 292 294 295 297 298 301 302 305 306 307 309 311 312 314 316 317 320 321 323 325 328 329 330 332 334 335 336 337 338 339 340 342 344 345 346 347 349 351 352 353 354 355 357 359 362 363 364 365 366 367 369 373 374 377 378 379 380 382 383 387 389 390 393 397 399 400 401 405 406 407 408 410 411 414 421 423 424 429 430 433 435 437 438 441 443 445 447 448 449 450 451 453 458 461 463 465 467 468 474 475 476 482 483 486 490 493 494 495 497 499 500 501 504 505 507 509 510 511 512 513 514 515 518 520 521 522 523 524 526 529 533 534 535 536 539 540 541 542 543 546 547 550 551 553 554 559 560 564 565 566 569 571 572 575 576 578 585 591 592 593 595 598 602 603 605 607 608 609 612 613 616 617 618 619 621 622 623 624 625 626 628 630 631 635 637 638 639 640 641 642 645 646 647 650 652 656 660 667 669 671 672 676 679 680 682 683 684 686 687 688 691 693 695 696 697 698 703 704 710 711 713 714 715 717 719 720 722 725 726 727 728 733 734 735 738 742 746 747 748 749 751 753 755 756 758 759 761 763 765 768 771 773 774 775 777 778 781 783 784 786 787 788 789 792 793 794 800 802 804 806 807 808 809 811 818 819 821 823 824 825 826 827 828 829 830 832 833 834 836 837 838 840 841 843 844 845 846 847 848 852 853 854 855 856 857 858 863 864 865 866 869 870 871 873 874 875 876 879 880 882 883 884 885 886 887 889 891 899 902 903 904 907 911 913 915 916 917 924 926 927 935 936 941 942 943 947 952 953 954 956 958 960 962 965 966 967 968 969 972 975 976 978 982 984 986 990 991 995 998 1000 1004 1007 1008 1011 1013 1014 1015 1016 1017 1019 1021 1022 1023 1025 1026 1028 1030 1033 1034 1035 1036 1037 1038 1041 1042 1043 1044 1046 1048 1049 1050 1051 1054 1055 1056 1058 1059 1060 1061 1063 1064 1065 1067 1068 1069 1071 1072 1079 1080 1084 1085 1089 1092 1095 1097 1098 1100 1101 1102 1108 1110 1111 1112 1113 1114 1115 1116 1117 1118 1120 1121 1123 1126 1127 1129 1133 1134 1135 1137 1138 1140 1143 1150 1153 1155 1157 1158 1160 1163 1164 1165 1167 1168 1169 1174 1175 1177 1178 1182 1184 1185 2017
Hoogeveen,/home/research/w.yanwang/Telescope-Searching-Problem/data_RTSS_0518/large/filtered_GW191219_163120_7dt.csv,1000,50,1,931,0.55578,999.236,6.78166,0 1 287 603 335 207 373 265 317 405 490 504 344 377 667 1674 1712 1517 1337 1289 1187 656 450 194 302 204 362 447 572 511 382 607 687 1089 1291 1849 1714 1595 1792 1688 1865 1623 1578 1739 1717 1833 1701 1882 1101 523 443 246 220 186 78 80 134 201 244 279 294 352 500 734 1611 1549 1160 916 1111 1200 1648 1817 1320 941 982 962 811 682 720 902 605 846 1008 1375 1695 1311 1380 863 1000 660 858 1126 1290 1544 1054 691 458 104 289 463 240 56 48 126 61 46 26 49 291 465 626 547 722 978 1116 1021 756 1079 1297 1452 1499 1424 1184 880 759 1037 809 747 826 991 1102 1399 1488 1598 1469 1794 1742 1839 1706 1457 1060 907 792 696 554 771 935 1164 969 926 838 802 704 497 345 533 357 475 714 819 1177 1242 1049 1317 1529 1677 1346 1612 1768 1538 1496 1280 1114 917 1030 1127 1303 1523 1726 1613 1632 1721 1402 1368 1569 1751 1723 1602 1486 1357 1188 1416 1626 1673 1759 1604 1306 1044 1063 1223 1363 1589 1689 1373 1451 1167 1112 1225 1315 1512 1470 1527 1745 1646 1510 1329 1453 1561 1567 1600 1637 1773 1746 1429 1244 1059 1011 967 958 841 871 1038 1085 1271 1134 1219 1314 1340 1374 1299 1267 1025 990 891 789 693 783 876 965 1072 1143 1061 1034 847 727 645 437 369 441 566 684 875 942 784 753 546 495 423 387 474 482 513 585 617 725 748 717 630 639 616 686 852 1064 1316 1202 1216 1133 1163 972 968 953 1016 1028 823 768 830 774 818 856 943 1097 1279 1455 1735 1383 1718 1441 1473 1583 1707 1750 1419 1443 1068 874 624 486 307 340 433 595 755 904 1050 733 593 316 407 297 306 270 260 281 272 282 383 353 773 1013 1343 1764 1273 1782 1491 1409 1036 1115 887 793 612 410 642 924 763 509 514 608 719 899 751 540 330 522 623 354 365 283 336 329 328 351 334 321 524 512 374 311 320 625 857 1069 1531 1819 1243 844 650 715 448 726 1026 1447 865 1679 1118 828 592 529 253 116 30 15 12 19 363 95 337 192 28 8 238 1137 1157 1657 1195 1468 1519 1463 976 713 494 833 575 781 379 38 75 173 539 309 884 837 1703 1699 1212 1048 1354 1814 1607 1208 618 453 147 177 229 122 121 131 175 277 401 591 569 742 832 915 1014 1193 1285 1351 1464 1560 1610 1681 1784 1728 1647 1478 1385 1339 1298 1174 1092 1043 947 778 671 635 445 342 228 164 145 170 223 214 176 231 312 400 507 640 728 853 986 1084 1155 1226 1333 1434 1511 1585 1741 1608 1541 1546 1436 1342 1185 1100 954 840 738 638 510 424 323 314 254 257 461 367 366 414 435 518 637 735 855 975 1098 1312 1440 1535 1624 1772 1572 1755 1415 1277 1108 952 845 749 613 578 551 541 576 646 746 560 338 397 301 187 295 389 543 672 854 1113 834 680 652 1168 1482 1487 1165 886 885 1361 1803 1414 1135 1828 1325 1287 1500 1621 1178 1150 966 1004 1393 1153 1454 1192 1619 1369 1341 1169 1313 1358 1445 1548 1690 1711 1676 1666 1506 1643 1123 1019 913 1056 1007 1121 1258 1330 1509 1660 1558 1421 1261 1117 995 869 821 794 676 787 804 882 998 864 628 765 536 399 526 647 836 1042 1051 883 697 631 483 535 520 378 346 515 347 198 117 212 33 18 20 23 17 171 36 13 43 67 222 58 189 602 788 542 429 355 521 695 698 903 1236 1377 911 1055 824 598 438 332 208 123 91 111 142 90 129 209 128 70 72 141 155 127 168 248 390 349 239 160 150 154 211 199 325 476 711 393 571 710 609 559 364 252 162 226 261 430 505 305 449 564 1058 1067 1693 1504 1301 1444 1779 1508 1211 1278 1418 1636 1661 1639 339 251 182 157 42 34 21 37 112 278 499 758 468 827 641 421 808 1046 1395 1390 1586 1584 1864 1758 1793 1881 1845 1550 1286 1129 927 1263 1065 1238 1462 1476 1378 1110 879 703 565 411 249 786 1015 1439 1840 1618 1816 1492 1175 1356 1268 1095 873 679 493 380 241 57 140 35 180 68 24 9 14 5 7 22 3 2 25 11 4 32 16 6 10 39 144 109 54 27 29 44 41 59 152 292 467 621 829 1221 1484 1815 1555 1321 1120 1431 1158 1023 825 550 271 151 40 31 64 232 359 285 451 683 889 553 807 1017 1138 775 669 843 761 960 848 1140 1667 1776 1516 1338 1033 1207 1398 1536 1035 956 806 622 866 1022 1213 1355 1545 1627 1754 1295 1256 1376 1628 1662 1700 1804 1783 1766 1744 1771 1778 1765 1720 1725 1752 1761 1756 1795 1767 1654 1597 1533 1472 1336 1251 1182 1071 936 870 777 619 501 406 275 185 298 408 534 688 800 1041 984 1080 1305 1403 1471 1522 1694 1670 1672 1769 2017
Gurobi,/home/research/w.yanwang/Telescope-Searching-Problem/data_RTSS_0518/large/filtered_GW191219_163120_7dt.csv,1000,50,1,931,0.55578,999.236,73.4194,0 1 287 603 335 207 373 265 317 405 490 504 344 377 667 1674 1712 1517 1337 1289 1187 656 450 194 302 204 362 447 572 511 382 607 687 1089 1291 1849 1714 1595 1792 1688 1865 1623 1578 1739 1717 1833 1701 1882 1101 523 443 246 220 186 78 80 134 201 244 279 294 352 500 734 1611 1549 1160 916 1111 1200 1648 1817 1320 941 982 962 811 682 720 902 605 846 1008 1375 1695 1311 1380 863 1000 660 858 1126 1290 1544 1054 691 458 104 289 463 240 56 48 126 61 46 26 49 291 465 626 547 722 978 1116 1021 756 1079 1297 1452 1499 1424 1184 880 759 1037 809 747 826 991 1102 1399 1488 1598 1469 1794 1742 1839 1706 1457 1060 907 792 696 554 771 935 1164 969 926 838 802 704 497 345 533 357 475 714 819 1177 1242 1049 1317 1529 1677 1346 1612 1768 1538 1496 1280 1114 917 1030 1127 1303 1523 1726 1613 1632 1721 1402 1368 1569 1751 1723 1602 1486 1357 1188 1416 1626 1673 1759 1604 1306 1044 1063 1223 1363 1589 1689 1373 1451 1167 1112 1225 1315 1512 1470 1527 1745 1646 1510 1329 1453 1561 1567 1600 1637 1773 1746 1429 1244 1059 1011 967 958 841 871 1038 1085 1271 1134 1219 1314 1340 1374 1299 1267 1025 990 891 789 693 783 876 965 1072 1143 1061 1034 847 727 645 437 369 441 566 684 875 942 784 753 546 495 423 387 474 482 513 585 617 725 748 717 630 639 616 686 852 1064 1316 1202 1216 1133 1163 972 968 953 1016 1028 823 768 830 774 818 856 943 1097 1279 1455 1735 1383 1718 1441 1473 1583 1707 1750 1419 1443 1068 874 624 486 307 340 433 595 755 904 1050 733 593 316 407 297 306 270 260 281 272 282 383 353 773 1013 1343 1764 1273 1782 1491 1409 1036 1115 887 793 612 410 642 924 763 509 514 608 719 899 751 540 330 522 623 354 365 283 336 329 328 351 334 321 524 512 374 311 320 625 857 1069 1531 1819 1243 844 650 715 448 726 1026 1447 865 1679 1118 828 592 529 253 116 30 15 12 19 363 95 337 192 28 8 238 1137 1157 1657 1195 1468 1519 1463 976 713 494 833 575 781 379 38 75 173 539 309 884 837 1703 1699 1212 1048 1354 1814 1607 1208 618 453 147 177 229 122 121 131 175 277 401 591 569 742 832 915 1014 1193 1285 1351 1464 1560 1610 1681 1784 1728 1647 1478 1385 1339 1298 1174 1092 1043 947 778 671 635 445 342 228 164 145 170 223 214 176 231 312 400 507 640 728 853 986 1084 1155 1226 1333 1434 1511 1585 1741 1608 1541 1546 1436 1342 1185 1100 954 840 738 638 510 424 323 314 254 257 461 367 366 414 435 518 637 735 855 975 1098 1312 1440 1535 1624 1772 1572 1755 1415 1277 1108 952 845 749 613 578 551 541 576 646 746 560 338 397 301 187 295 389 543 672 854 1113 834 680 652 1168 1482 1487 1165 886 885 1361 1803 1414 1135 1828 1325 1287 1500 1621 1178 1150 966 1004 1393 1153 1454 1192 1619 1369 1341 1169 1313 1358 1445 1548 1690 1711 1676 1666 1506 1643 1123 1019 913 1056 1007 1121 1258 1330 1509 1660 1558 1421 1261 1117 995 869 821 794 676 787 804 882 998 864 628 765 536 399 526 647 836 1042 1051 883 697 631 483 535 520 378 346 515 347 198 117 212 33 18 20 23 17 171 36 13 43 67 222 58 189 602 788 542 429 355 521 695 698 903 1236 1377 911 1055 824 598 438 332 208 123 91 111 142 90 129 209 128 70 72 141 155 127 168 248 390 349 239 160 150 154 211 199 325 476 711 393 571 710 609 559 364 252 162 226 261 430 505 305 449 564 1058 1067 1693 1504 1301 1444 1779 1508 1211 1278 1418 1636 1661 1639 339 251 182 157 42 34 21 37 112 278 499 758 468 827 641 421 808 1046 1395 1390 1586 1584 1864 1758 1793 1881 1845 1550 1286 1129 927 1263 1065 1238 1462 1476 1378 1110 879 703 565 411 249 786 1015 1439 1840 1618 1816 1492 1175 1356 1268 1095 873 679 493 380 241 57 140 35 180 68 24 9 14 5 7 22 3 2 25 11 4 32 16 6 10 39 144 109 54 27 29 44 41 59 152 292 467 621 829 1221 1484 1815 1555 1321 1120 1431 1158 1023 825 550 271 151 40 31 64 232 359 285 451 683 889 553 807 1017 1138 775 669 843 761 960 848 1140 1667 1776 1516 1338 1033 1207 1398 1536 1035 956 806 622 866 1022 1213 1355 1545 1627 1754 1295 1256 1376 1628 1662 1700 1804 1783 1766 1744 1771 1778 1765 1720 1725 1752 1761 1756 1795 1767 1654 1597 1533 1472 1336 1251 1182 1071 936 870 777 619 501 406 275 185 298 408 534 688 800 1041 984 1080 1305 1403 1471 1522 1694 1670 1672 1769 2017
Greedy,/home/research/w.yanwang/Telescope-Searching-Problem/data_RTSS_0518/large/filtered_GW191219_163120_7dt.csv,1200,50,1,734,0.546626,1199.97,3.2439e-05,0 1 2 3 4 5 6 7 8 9 10 11 12 13 14 15 16 17 18 19 20 21 22 23 24 25 26 27 28 29 30 31 32 33 34 35 36 37 38 39 40 41 42 43 44 46 48 49 54 56 57 58 59 61 64 67 68 70 72 75 78 80 90 91 95 104 109 111 112 116 117 121 122 123 126 127 128 129 131 134 140 141 142 144 145 147 150 151 152 154 155 157 160 162 164 168 170 171 173 175 176 177 180 182 185 186 187 189 192 194 198 199 201 204 207 208 209 211 212 214 220 222 223 226 228 229 231 232 238 239 240 241 244 246 248 249 251 252 253 254 257 260 261 265 270 271 272 275 277 278 279 281 282 283 285 287 289 291 292 294 295 297 298 301 302 305 306 307 309 311 312 314 316 317 320 321 323 325 328 329 330 332 334 335 336 337 338 339 340 342 344 345 346 347 349 351 352 353 354 355 357 359 362 363 364 365 366 367 369 373 374 377 378 379 380 382 383 387 389 390 393 397 399 400 401 405 406 407 408 410 411 414 421 423 424 429 430 433 435 437 438 441 443 445 447 448 449 450 451 453 458 461 463 465 467 468 474 475 476 482 483 486 490 493 494 495 497 499 500 501 504 505 507 509 510 511 512 513 514 515 518 520 521 522 523 524 526 529 533 534 535 536 539 540 541 542 543 546 547 550 551 553 554 559 560 564 565 566 569 571 572 575 576 578 585 591 592 593 595 598 602 603 605 607 608 609 612 613 616 617 618 619 621 622 623 624 625 626 628 630 631 635 637 638 639 640 641 642 645 646 647 650 652 656 660 667 669 671 672 676 679 680 682 683 684 686 687 688 691 693 695 696 697 698 703 704 710 711 713 714 715 717 719 720 722 725 726 727 728 733 734 735 738 742 746 747 748 749 751 753 755 756 758 759 761 763 765 768 771 773 774 775 777 778 781 783 784 786 787 788 789 792 793 794 800 802 804 806 807 808 809 811 818 819 821 823 824 825 826 827 828 829 830 832 833 834 836 837 838 840 841 843 844 845 846 847 848 852 853 854 855 856 857 858 863 864 865 866 869 870 871 873 874 875 876 879 880 882 883 884 885 886 887 889 891 899 902 903 904 907 911 913 915 916 917 924 926 927 935 936 941 942 943 947 952 953 954 956 958 960 962 965 966 967 968 969 972 975 976 978 982 984 986 990 991 995 998 1000 1004 1007 1008 1011 1013 1014 1015 1016 1017 1019 1021 1022 1023 1025 1026 1028 1030 1033 1034 1035 1036 1037 1038 1041 1042 1043 1044 1046 1048 1049 1050 1051 1054 1055 1056 1058 1059 1060 1061 1063 1064 1065 1067 1068 1069 1071 1072 1079 1080 1084 1085 1089 1092 1095 1097 1098 1100 1101 1102 1108 1110 1111 1112 1113 1114 1115 1116 1117 1118 1120 1121 1123 1126 1127 1129 1133 1134 1135 1137 1138 1140 1143 1150 1153 1155 1157 1158 1160 1163 1164 1165 1167 1168 1169 1174 1175 1177 1178 1182 1184 1185 1187 1188 1192 1193 1195 1200 1202 1207 1208 1211 1212 1213 1216 1219 1221 1223 1225 1226 1236 1238 1242 1243 1244 1251 1256 1258 1261 1263 1267 1268 1271 1273 1277 1278 1279 1280 1285 1286 1287 1289 1290 1291 1295 1297 1298 1299 1301 1303 1305 1306 1311 1312 1313 1314 1315 1316 1317 1320 1321 1325 1329 1330 1333 1336 1337 1338 1339 1340 1341 1342 1343 1346 1351 1354 1355 1356 1357 1358 1361 1363 1368 1369 1373 1374 1375 1376 1377 1378 1380 1383 1385 1390 1393 1395 1398 1399 1402 1403 1409 1414 1415 1416 1418 1431 2017
Hoogeveen,/home/research/w.yanwang/Telescope-Searching-Problem/data_RTSS_0518/large/filtered_GW191219_163120_7dt.csv,1200,50,1,1039,0.558567,1170.88,7.51717,0 1 287 1243 1814 1703 1354 1157 1447 726 48 253 529 828 976 337 592 713 494 575 833 1468 1519 1463 1118 1679 1026 865 715 448 463 240 28 38 192 95 363 116 19 30 56 104 289 458 625 660 500 373 265 311 374 512 524 321 334 354 351 344 329 336 328 365 330 1160 1549 1611 1111 1200 1648 1817 1901 1695 1375 1320 982 1008 962 1311 1380 1126 1290 1544 1531 1819 1069 844 650 691 857 1054 1000 863 858 811 682 720 902 846 605 623 734 941 522 751 899 916 773 1013 1343 1764 1782 1491 1750 1707 1583 1473 1859 1718 1735 1383 1163 1441 1133 1216 1202 1316 1419 1064 1028 1016 953 968 972 818 774 830 768 823 852 686 616 639 630 717 1357 1368 1085 871 1038 1271 1314 1134 1219 1340 1721 1402 1818 1569 1751 1918 1723 1602 1486 1416 1626 1673 1921 1830 1759 1604 1306 1188 1044 1223 1363 1589 1810 1689 1373 1451 1167 1011 967 943 1097 1059 1244 1279 1455 1843 1429 1746 1773 1561 1637 1822 1820 1829 1600 1567 1453 1225 1329 1510 1646 1745 1910 1826 1527 1470 1512 1315 1112 1063 958 841 856 748 725 617 585 513 482 474 793 887 924 1273 1115 1036 1409 1907 1874 1443 1068 874 624 486 387 423 495 546 753 784 942 875 684 566 441 369 307 340 437 645 727 847 1034 1061 1143 1072 965 876 783 693 433 595 789 891 990 1025 1267 1299 1374 1632 1613 1726 1523 1303 1127 1030 917 279 207 134 78 126 246 443 320 523 352 294 244 220 186 201 335 382 490 504 405 317 603 607 687 826 907 792 696 935 771 667 554 377 283 272 282 260 353 540 719 608 763 642 612 410 509 514 383 270 306 297 281 316 407 593 357 345 475 533 714 819 802 704 497 733 755 904 838 1050 1114 1280 1496 1538 1768 1612 1346 1317 1677 1872 1894 1857 1933 1888 1469 1037 511 362 572 747 809 991 1102 1291 1089 1457 1187 1060 969 926 1049 1242 1529 1712 1517 1177 1337 1674 1164 1289 1706 1839 1742 1913 1794 1849 1399 1488 1598 1714 1792 1595 1865 1297 1021 547 880 759 447 80 46 61 26 49 34 157 291 194 204 302 450 656 756 1079 1184 1424 1499 1688 1623 1452 1116 1101 1701 1586 1395 1578 1739 1717 1833 1864 1758 1584 1390 1046 808 722 978 465 251 42 21 12 15 37 24 9 8 7 1238 1065 827 421 626 641 499 339 182 112 278 758 468 68 180 140 147 185 131 175 277 401 591 569 742 832 915 1014 1193 1285 1351 1464 1560 1610 1681 1784 1855 1863 1728 1647 1478 1385 1339 1298 1174 1092 1043 947 778 671 635 445 342 228 164 145 170 223 214 176 231 312 400 507 640 728 853 986 1084 1155 1226 1333 1434 1511 1585 1741 1875 1791 1608 1541 1546 1436 1342 1185 1100 954 840 738 638 510 424 323 314 254 257 461 367 366 414 435 518 637 735 855 975 1098 1312 1440 1535 1624 1799 1842 1902 1772 1572 1415 1277 1108 952 845 749 613 578 551 541 576 646 746 560 338 397 301 187 122 160 150 154 121 177 229 295 399 536 628 765 1004 864 1153 998 882 804 787 676 794 821 869 995 1117 1261 1421 1558 1755 1917 1823 1660 1509 1330 1258 1121 1007 1056 913 1341 1169 1313 1358 1445 1548 1690 1813 1867 1711 1676 1666 1506 1643 1369 1019 1123 1619 1192 1454 1903 1393 1178 1621 966 123 44 911 1048 788 542 698 903 1212 1699 1934 1377 1236 1482 1487 1165 1803 1361 1414 1828 1847 1500 1150 1287 1042 836 647 526 672 854 885 680 631 834 1113 1135 1325 1051 883 697 543 389 349 483 535 390 239 168 248 378 332 208 520 652 886 1168 1055 695 824 598 515 346 438 209 129 70 128 198 347 521 355 429 884 618 453 602 837 1208 1607 1195 1657 1137 781 539 309 379 238 75 173 171 189 222 212 117 67 33 58 43 13 36 32 16 3 22 5 14 35 2 4 6 17 18 23 29 41 27 54 144 141 564 449 292 467 621 807 1017 1120 1321 1484 1661 1815 1555 1431 1268 1175 1550 1378 1462 1882 1881 1922 1845 1476 1793 1263 1129 927 703 879 786 1015 493 249 411 565 1110 1286 1439 1840 1356 1618 1816 1639 1492 1095 889 1158 1023 825 873 679 550 380 11 25 57 241 40 10 31 20 39 232 64 151 271 451 683 553 359 285 109 59 72 91 111 142 90 127 162 226 430 261 152 305 505 669 775 829 1138 1221 1418 1278 1779 1928 1636 1508 1444 1211 1058 843 1067 960 393 571 325 211 199 155 252 364 559 609 761 710 848 711 476 298 408 275 406 501 619 777 870 936 1071 1182 1251 1336 1472 1533 1597 1654 1767 1795 1832 1904 1911 1900 1879 1808 1801 1769 1672 1670 1694 1522 1471 1403 1305 1080 984 1041 800 688 534 622 806 956 1035 1295 1256 1376 1628 1662 1700 1804 1766 1744 1771 1765 1720 1725 1752 1761 1756 1835 1899 1893 1862 1797 1806 1846 1807 1837 1890 1853 1778 1812 1825 1923 1783 1834 1856 1880 1909 1754 1627 1545 1355 1213 1022 866 1033 1140 1301 1504 1693 1915 1667 1338 1516 1776 1207 1398 1536 1878 1858 1929 1930 1931 1936 1941 1942 1945 1947 1949 1950 1951 1952 1957 1959 1963 1964 1966 1967 1971 1972 1973 1974 1977 1979 1980 1981 1986 1991 1992 1994 1995 1997 1998 2000 2001 2006 2011 2012 2013 2014 2015 2016 2017 2017
Gurobi,/home/research/w.yanwang/Telescope-Searching-Problem/data_RTSS_0518/large/filtered_GW191219_163120_7dt.csv,1200,50,1,430,0.557774,546.198,1203.37,0 3 4 6 11 565 1476 173 253 783 823 486 876 1512 1219 687 1462 1263 1728 1899 866 1321 1221 228 1981 960 761 27 39 1376 127 966 1904 2015 1807 1585 1155 669 380 646 1014 622 1140 824 515 1048 726 1290 846 802 1598 1469 1102 345 514 382 379 238 17 18 1707 1316 1819 1026 126 1455 1746 1995 1726 924 1036 1115 513 686 1689 1818 847 696 969 693 755 891 962 1069 715 1612 811 1764 357 512 204 335 1589 1451 1759 2014 1373 841 871 935 1395 291 1881 90 271 430 885 438 837 613 1084 1472 1080 501 1213 1482 1325 1414 378 239 535 554 329 24 1792 1317 1529 1517 321 1679 781 833 15 277 122 628 399 1165 223 214 807 572 747 826 157 294 29 142 679 1095 553 1268 25 140 547 607 758 1286 1238 722 1584 844 54 231 1153 775 261 564 1754 1725 1092 1174 1893 1795 1945 1977 1522 1856 956 338 746 1192 1393 578 1909 1342 1911 688 1336 150 170 461 864 765 1506 738 1555 141 534 1808 2000 672 109 67 355 116 1544 605 369 838 433 441 1184 1712 1595 1402 907 1739 1499 450 447 12 879 451 241 1439 1793 2001 703 180 80 302 504 240 8 14 42 31 68 592 676 1842 1797 1338 1545 1471 800 1647 1385 1261 526 536 1445 853 1509 435 1558 845 1516 1033 1041 1997 254 1071 1056 1951 1783 1992 1015 1060 1164 763 317 1054 475 623 1782 1034 1363 967 953 1830 1822 1941 1820 856 1632 1028 1604 1750 1419 774 2013 171 1168 1803 1468 192 713 865 1243 285 825 1121 1123 541 1251 882 998 1972 1799 1879 1681 312 518 952 778 1804 1355 20 21 1701 1023 1700 1608 1930 1117 1421 177 984 619 1880 507 1021 287 1291 1973 405 965 340 297 265 1037 278 1110 756 182 1840 1693 248 483 209 212 211 559 408 145 131 187 787 986 1823 1285 1193 1535 1654 1994 1784 947 1986 1619 1313 2016 199 1098 911 1042 575 1447 524 104 1611 857 858 1463 650 1114 497 719 383 1346 1723 373 660 282 377 334 330 1126 625 691 1111 1874 630 1011 1357 144 680 1211 571 111 1055 249 448 1208 1137 641 1 656 978 759 1399 1496 1569 1279 1163 789 1343 1242 2017
Greedy,/home/research/w.yanwang/Telescope-Searching-Problem/data_RTSS_0518/large/filtered_GW191219_163120_7dt.csv,1400,50,1,834,0.552273,1399.12,2.9853e-05,0 1 2 3 4 5 6 7 8 9 10 11 12 13 14 15 16 17 18 19 20 21 22 23 24 25 26 27 28 29 30 31 32 33 34 35 36 37 38 39 40 41 42 43 44 46 48 49 54 56 57 58 59 61 64 67 68 70 72 75 78 80 90 91 95 104 109 111 112 116 117 121 122 123 126 127 128 129 131 134 140 141 142 144 145 147 150 151 152 154 155 157 160 162 164 168 170 171 173 175 176 177 180 182 185 186 187 189 192 194 198 199 201 204 207 208 209 211 212 214 220 222 223 226 228 229 231 232 238 239 240 241 244 246 248 249 251 252 253 254 257 260 261 265 270 271 272 275 277 278 279 281 282 283 285 287 289 291 292 294 295 297 298 301 302 305 306 307 309 311 312 314 316 317 320 321 323 325 328 329 330 332 334 335 336 337 338 339 340 342 344 345 346 347 349 351 352 353 354 355 357 359 362 363 364 365 366 367 369 373 374 377 378 379 380 382 383 387 389 390 393 397 399 400 401 405 406 407 408 410 411 414 421 423 424 429 430 433 435 437 438 441 443 445 447 448 449 450 451 453 458 461 463 465 467 468 474 475 476 482 483 486 490 493 494 495 497 499 500 501 504 505 507 509 510 511 512 513 514 515 518 520 521 522 523 524 526 529 533 534 535 536 539 540 541 542 543 546 547 550 551 553 554 559 560 564 565 566 569 571 572 575 576 578 585 591 592 593 595 598 602 603 605 607 608 609 612 613 616 617 618 619 621 622 623 624 625 626 628 630 631 635 637 638 639 640 641 642 645 646 647 650 652 656 660 667 669 671 672 676 679 680 682 683 684 686 687 688 691 693 695 696 697 698 703 704 710 711 713 714 715 717 719 720 722 725 726 727 728 733 734 735 738 742 746 747 748 749 751 753 755 756 758 759 761 763 765 768 771 773 774 775 777 778 781 783 784 786 787 788 789 792 793 794 800 802 804 806 807 808 809 811 818 819 821 823 824 825 826 827 828 829 830 832 833 834 836 837 838 840 841 843 844 845 846 847 848 852 853 854 855 856 857 858 863 864 865 866 869 870 871 873 874 875 876 879 880 882 883 884 885 886 887 889 891 899 902 903 904 907 911 913 915 916 917 924 926 927 935 936 941 942 943 947 952 953 954 956 958 960 962 965 966 967 968 969 972 975 976 978 982 984 986 990 991 995 998 1000 1004 1007 1008 1011 1013 1014 1015 1016 1017 1019 1021 1022 1023 1025 1026 1028 1030 1033 1034 1035 1036 1037 1038 1041 1042 1043 1044 1046 1048 1049 1050 1051 1054 1055 1056 1058 1059 1060 1061 1063 1064 1065 1067 1068 1069 1071 1072 1079 1080 1084 1085 1089 1092 1095 1097 1098 1100 1101 1102 1108 1110 1111 1112 1113 1114 1115 1116 1117 1118 1120 1121 1123 1126 1127 1129 1133 1134 1135 1137 1138 1140 1143 1150 1153 1155 1157 1158 1160 1163 1164 1165 1167 1168 1169 1174 1175 1177 1178 1182 1184 1185 1187 1188 1192 1193 1195 1200 1202 1207 1208 1211 1212 1213 1216 1219 1221 1223 1225 1226 1236 1238 1242 1243 1244 1251 1256 1258 1261 1263 1267 1268 1271 1273 1277 1278 1279 1280 1285 1286 1287 1289 1290 1291 1295 1297 1298 1299 1301 1303 1305 1306 1311 1312 1313 1314 1315 1316 1317 1320 1321 1325 1329 1330 1333 1336 1337 1338 1339 1340 1341 1342 1343 1346 1351 1354 1355 1356 1357 1358 1361 1363 1368 1369 1373 1374 1375 1376 1377 1378 1380 1383 1385 1390 1393 1395 1398 1399 1402 1403 1409 1414 1415 1416 1418 1419 1421 1424 1429 1431 1434 1436 1439 1440 1441 1443 1444 1445 1447 1451 1452 1453 1454 1455 1457 1462 1463 1464 1468 1469 1470 1471 1472 1473 1476 1478 1482 1484 1486 1487 1488 1491 1492 1496 1499 1500 1504 1506 1508 1509 1510 1511 1512 1516 1517 1519 1522 1523 1527 1529 1531 1533 1535 1536 1538 1541 1544 1545 1546 1548 1549 1550 1555 1558 1560 1561 1567 1569 1572 1578 1583 1584 1585 1586 1589 1595 1597 1598 1600 1602 1604 1607 1608 1610 1611 1612 1613 1618 1619 1621 1623 1624 1626 1627 1628 1632 2017
Hoogeveen,/home/research/w.yanwang/Telescope-Searching-Problem/data_RTSS_0518/large/filtered_GW191219_163120_7dt.csv,1400,50,1,1039,0.558567,1170.88,7.48895,0 1 287 1243 1814 1703 1354 1157 1447 726 48 253 529 828 976 337 592 713 494 575 833 1468 1519 1463 1118 1679 1026 865 715 448 463 240 28 38 192 95 363 116 19 30 56 104 289 458 625 660 500 373 265 311 374 512 524 321 334 354 351 344 329 336 328 365 330 1160 1549 1611 1111 1200 1648 1817 1901 1695 1375 1320 982 1008 962 1311 1380 1126 1290 1544 1531 1819 1069 844 650 691 857 1054 1000 863 858 811 682 720 902 846 605 623 734 941 522 751 899 916 773 1013 1343 1764 1782 1491 1750 1707 1583 1473 1859 1718 1735 1383 1163 1441 1133 1216 1202 1316 1419 1064 1028 1016 953 968 972 818 774 830 768 823 852 686 616 639 630 717 1357 1368 1085 871 1038 1271 1314 1134 1219 1340 1721 1402 1818 1569 1751 1918 1723 1602 1486 1416 1626 1673 1921 1830 1759 1604 1306 1188 1044 1223 1363 1589 1810 1689 1373 1451 1167 1011 967 943 1097 1059 1244 1279 1455 1843 1429 1746 1773 1561 1637 1822 1820 1829 1600 1567 1453 1225 1329 1510 1646 1745 1910 1826 1527 1470 1512 1315 1112 1063 958 841 856 748 725 617 585 513 482 474 793 887 924 1273 1115 1036 1409 1907 1874 1443 1068 874 624 486 387 423 495 546 753 784 942 875 684 566 441 369 307 340 437 645 727 847 1034 1061 1143 1072 965 876 783 693 433 595 789 891 990 1025 1267 1299 1374 1632 1613 1726 1523 1303 1127 1030 917 279 207 134 78 126 246 443 320 523 352 294 244 220 186 201 335 382 490 504 405 317 603 607 687 826 907 792 696 935 771 667 554 377 283 272 282 260 353 540 719 608 763 642 612 410 509 514 383 270 306 297 281 316 407 593 357 345 475 533 714 819 802 704 497 733 755 904 838 1050 1114 1280 1496 1538 1768 1612 1346 1317 1677 1872 1894 1857 1933 1888 1469 1037 511 362 572 747 809 991 1102 1291 1089 1457 1187 1060 969 926 1049 1242 1529 1712 1517 1177 1337 1674 1164 1289 1706 1839 1742 1913 1794 1849 1399 1488 1598 1714 1792 1595 1865 1297 1021 547 880 759 447 80 46 61 26 49 34 157 291 194 204 302 450 656 756 1079 1184 1424 1499 1688 1623 1452 1116 1101 1701 1586 1395 1578 1739 1717 1833 1864 1758 1584 1390 1046 808 722 978 465 251 42 21 12 15 37 24 9 8 7 1238 1065 827 421 626 641 499 339 182 112 278 758 468 68 180 140 147 185 131 175 277 401 591 569 742 832 915 1014 1193 1285 1351 1464 1560 1610 1681 1784 1855 1863 1728 1647 1478 1385 1339 1298 1174 1092 1043 947 778 671 635 445 342 228 164 145 170 223 214 176 231 312 400 507 640 728 853 986 1084 1155 1226 1333 1434 1511 1585 1741 1875 1791 1608 1541 1546 1436 1342 1185 1100 954 840 738 638 510 424 323 314 254 257 461 367 366 414 435 518 637 735 855 975 1098 1312 1440 1535 1624 1799 1842 1902 1772 1572 1415 1277 1108 952 845 749 613 578 551 541 576 646 746 560 338 397 301 187 122 160 150 154 121 177 229 295 399 536 628 765 1004 864 1153 998 882 804 787 676 794 821 869 995 1117 1261 1421 1558 1755 1917 1823 1660 1509 1330 1258 1121 1007 1056 913 1341 1169 1313 1358 1445 1548 1690 1813 1867 1711 1676 1666 1506 1643 1369 1019 1123 1619 1192 1454 1903 1393 1178 1621 966 123 44 911 1048 788 542 698 903 1212 1699 1934 1377 1236 1482 1487 1165 1803 1361 1414 1828 1847 1500 1150 1287 1042 836 647 526 672 854 885 680 631 834 1113 1135 1325 1051 883 697 543 389 349 483 535 390 239 168 248 378 332 208 520 652 886 1168 1055 695 824 598 515 346 438 209 129 70 128 198 347 521 355 429 884 618 453 602 837 1208 1607 1195 1657 1137 781 539 309 379 238 75 173 171 189 222 212 117 67 33 58 43 13 36 32 16 3 22 5 14 35 2 4 6 17 18 23 29 41 27 54 144 141 564 449 292 467 621 807 1017 1120 1321 1484 1661 1815 1555 1431 1268 1175 1550 1378 1462 1882 1881 1922 1845 1476 1793 1263 1129 927 703 879 786 1015 493 249 411 565 1110 1286 1439 1840 1356 1618 1816 1639 1492 1095 889 1158 1023 825 873 679 550 380 11 25 57 241 40 10 31 20 39 232 64 151 271 451 683 553 359 285 109 59 72 91 111 142 90 127 162 226 430 261 152 305 505 669 775 829 1138 1221 1418 1278 1779 1928 1636 1508 1444 1211 1058 843 1067 960 393 571 325 211 199 155 252 364 559 609 761 710 848 711 476 298 408 275 406 501 619 777 870 936 1071 1182 1251 1336 1472 1533 1597 1654 1767 1795 1832 1904 1911 1900 1879 1808 1801 1769 1672 1670 1694 1522 1471 1403 1305 1080 984 1041 800 688 534 622 806 956 1035 1295 1256 1376 1628 1662 1700 1804 1766 1744 1771 1765 1720 1725 1752 1761 1756 1835 1899 1893 1862 1797 1806 1846 1807 1837 1890 1853 1778 1812 1825 1923 1783 1834 1856 1880 1909 1754 1627 1545 1355 1213 1022 866 1033 1140 1301 1504 1693 1915 1667 1338 1516 1776 1207 1398 1536 1878 1858 1929 1930 1931 1936 1941 1942 1945 1947 1949 1950 1951 1952 1957 1959 1963 1964 1966 1967 1971 1972 1973 1974 1977 1979 1980 1981 1986 1991 1992 1994 1995 1997 1998 2000 2001 2006 2011 2012 2013 2014 2015 2016 2017 2017
Gurobi,/home/research/w.yanwang/Telescope-Searching-Problem/data_RTSS_0518/large/filtered_GW191219_163120_7dt.csv,1400,50,1,856,0.558502,1399.99,1203.38,0 5 1123 541 305 260 1714 1739 1689 858 208 734 1060 1468 78 975 1608 1445 122 1178 688 1041 182 323 836 1457 800 1711 317 320 1 302 1966 646 1058 1085 540 61 725 676 1185 1342 1837 121 1343 129 806 1295 453 710 638 880 283 1287 248 246 204 738 1182 23 1023 144 669 1329 1874 1118 28 1618 789 1064 1068 727 876 1285 1627 1050 853 1369 1536 622 325 887 1243 1945 523 1330 832 1157 1835 1766 746 378 1859 1899 793 1597 1670 1101 154 1226 576 1546 1114 761 775 698 1358 995 12 564 882 1004 340 1632 1303 1726 1072 46 704 1584 24 168 18 21 1160 763 719 720 1872 1548 536 1177 1355 1720 1421 1725 1674 696 72 134 1187 856 823 389 1325 1138 1377 808 1810 1046 837 1415 1902 189 1168 1803 173 1822 1894 1120 1169 1695 1375 494 1316 1033 57 844 886 1901 1995 639 1661 972 1973 786 1555 1772 249 251 1484 1403 1585 1385 1478 1517 667 171 2001 1690 1200 1911 1741 405 603 335 768 1007 1828 1820 430 1121 943 499 297 91 553 1636 1621 1903 749 1431 1882 1188 1434 1643 1019 1949 1742 1681 1879 819 344 90 683 695 364 359 56 1598 1340 1314 294 1313 1472 9 465 463 572 612 1626 490 828 151 467 2 585 1414 1977 504 840 1279 1473 406 759 229 505 1506 1612 935 1476 1510 1910 1957 602 80 756 1845 617 220 1508 42 1452 312 346 1337 711 713 1184 1022 2014 387 287 883 1819 1037 1043 864 1550 1847 1225 123 774 818 560 373 1923 20 239 1312 1862 1829 1881 1840 742 278 1071 1778 1793 1558 1354 363 520 1549 321 316 32 1471 1398 1833 1129 1673 2013 722 64 411 450 671 1941 1356 1703 30 1964 1059 1063 495 1443 1496 1538 787 222 16 54 650 1992 903 1545 613 619 232 199 990 1315 1843 1143 1383 355 180 1193 870 984 1000 1251 947 1035 445 546 1971 1813 640 345 1880 1794 1578 1395 1462 186 1900 998 802 969 1211 339 1913 1017 703 843 198 1723 1761 493 241 332 978 421 111 1611 715 1942 543 942 141 1351 1712 1773 526 529 33 59 424 1155 1065 1069 592 1195 1863 788 1297 1424 511 1219 1864 1084 1718 1782 126 1192 461 37 36 1320 1208 49 811 458 1806 891 1487 1858 1792 524 1112 1011 630 967 1216 1133 902 1717 1857 936 598 1586 1175 1931 1028 1751 1463 1917 410 1390 1815 1135 3 1735 623 1981 1110 142 11 170 1657 1519 1470 29 1236 429 879 521 966 1150 1604 1418 1662 915 449 468 1439 550 176 314 1153 1291 1280 1049 1258 152 1752 1273 1044 1744 1797 1776 1679 569 4 1008 128 254 1619 1488 1867 1108 956 2012 1647 2015 1660 352 907 821 509 916 1111 522 336 1921 848 7 6 1922 857 871 533 1440 407 1759 1589 244 1346 1853 1807 1728 1034 342 1783 2017 1174 958 1317 1368 833 117 265 624 1623 927 1014 755 728 211 443 328 1531 771 1221 1299 1523 1030 1849 1261 1754 1067 41 609 687 1244 595 1648 1855 475 1830 1416 976 1986 1936 1801 1165 19 1102 104 507 1947 1015 1374 441 483 162 1127 607 554 1654 652 1080 512 1600 838 279 501 1436 1875 150 735 1756 1628 1376 1089 277 885 1541 792 1137 43 44 515 784 285 1158 253 1339 680 834 401 1706 1341 1997 1115 1036 1402 67 1305 626 1042 826 874 751 1429 1113 824 306 1888 131 1268 1097 1336 223 112 1826 1527 917 1223 1363 1907 1784 1804 238 17 539 1535 1624 1333 1511 542 482 631 1904 1795 1522 1419 289 474 497 13 693 192 390 1998 127 349 301 1134 875 1038 608 682 1338 1610 231 637 1994 292 982 291 1933 437 1242 1928 899 863 1409 1699 1583 357 1267 1918 1451 1512 347 1613 1745 547 889 551 1839 1164 272 1469 1865 804 904 2016 214 1856 309 691 852 1163 1934 1025 307 566 311 571 1509 1639 1779 968 15 1380 575 271 605 295 408 298 1361 1972 866 70 1560 209 1878 593 400 1516 717 34 794 160 14 1890 2000 672 330 1967 855 952 578 48 854 275 1393 1482 175 212 1572 778 1834 185 1238 1693 399 1595 377 924 393 1048 1694 438 1056 953 1016 1278 1771 1561 825 1767 338 1676 68 827 337 1286 1672 1769 1055 962 145 177 147 367 261 518 414 282 353 656 116 1607 1746 747 354 379 1021 758 684 374 1290 1544 591 645 329 679 1765 1755 281 1637 535 1959 1951 807 1812 1092 986 1207 2017
Greedy,/home/research/w.yanwang/Telescope-Searching-Problem/data_RTSS_0518/large/filtered_GW191219_163120_7dt.csv,1600,50,1,933,0.555868,1599.19,5.5814e-05,0 1 2 3 4 5 6 7 8 9 10 11 12 13 14 15 16 17 18 19 20 21 22 23 24 25 26 27 28 29 30 31 32 33 34 35 36 37 38 39 40 41 42 43 44 46 48 49 54 56 57 58 59 61 64 67 68 70 72 75 78 80 90 91 95 104 109 111 112 116 117 121 122 123 126 127 128 129 131 134 140 141 142 144 145 147 150 151 152 154 155 157 160 162 164 168 170 171 173 175 176 177 180 182 185 186 187 189 192 194 198 199 201 204 207 208 209 211 212 214 220 222 223 226 228 229 231 232 238 239 240 241 244 246 248 249 251 252 253 254 257 260 261 265 270 271 272 275 277 278 279 281 282 283 285 287 289 291 292 294 295 297 298 301 302 305 306 307 309 311 312 314 316 317 320 321 323 325 328 329 330 332 334 335 336 337 338 339 340 342 344 345 346 347 349 351 352 353 354 355 357 359 362 363 364 365 366 367 369 373 374 377 378 379 380 382 383 387 389 390 393 397 399 400 401 405 406 407 408 410 411 414 421 423 424 429 430 433 435 437 438 441 443 445 447 448 449 450 451 453 458 461 463 465 467 468 474 475 476 482 483 486 490 493 494 495 497 499 500 501 504 505 507 509 510 511 512 513 514 515 518 520 521 522 523 524 526 529 533 534 535 536 539 540 541 542 543 546 547 550 551 553 554 559 560 564 565 566 569 571 572 575 576 578 585 591 592 593 595 598 602 603 605 607 608 609 612 613 616 617 618 619 621 622 623 624 625 626 628 630 631 635 637 638 639 640 641 642 645 646 647 650 652 656 660 667 669 671 672 676 679 680 682 683 684 686 687 688 691 693 695 696 697 698 703 704 710 711 713 714 715 717 719 720 722 725 726 727 728 733 734 735 738 742 746 747 748 749 751 753 755 756 758 759 761 763 765 768 771 773 774 775 777 778 781 783 784 786 787 788 789 792 793 794 800 802 804 806 807 808 809 811 818 819 821 823 824 825 826 827 828 829 830 832 833 834 836 837 838 840 841 843 844 845 846 847 848 852 853 854 855 856 857 858 863 864 865 866 869 870 871 873 874 875 876 879 880 882 883 884 885 886 887 889 891 899 902 903 904 907 911 913 915 916 917 924 926 927 935 936 941 942 943 947 952 953 954 956 958 960 962 965 966 967 968 969 972 975 976 978 982 984 986 990 991 995 998 1000 1004 1007 1008 1011 1013 1014 1015 1016 1017 1019 1021 1022 1023 1025 1026 1028 1030 1033 1034 1035 1036 1037 1038 1041 1042 1043 1044 1046 1048 1049 1050 1051 1054 1055 1056 1058 1059 1060 1061 1063 1064 1065 1067 1068 1069 1071 1072 1079 1080 1084 1085 1089 1092 1095 1097 1098 1100 1101 1102 1108 1110 1111 1112 1113 1114 1115 1116 1117 1118 1120 1121 1123 1126 1127 1129 1133 1134 1135 1137 1138 1140 1143 1150 1153 1155 1157 1158 1160 1163 1164 1165 1167 1168 1169 1174 1175 1177 1178 1182 1184 1185 1187 1188 1192 1193 1195 1200 1202 1207 1208 1211 1212 1213 1216 1219 1221 1223 1225 1226 1236 1238 1242 1243 1244 1251 1256 1258 1261 1263 1267 1268 1271 1273 1277 1278 1279 1280 1285 1286 1287 1289 1290 1291 1295 1297 1298 1299 1301 1303 1305 1306 1311 1312 1313 1314 1315 1316 1317 1320 1321 1325 1329 1330 1333 1336 1337 1338 1339 1340 1341 1342 1343 1346 1351 1354 1355 1356 1357 1358 1361 1363 1368 1369 1373 1374 1375 1376 1377 1378 1380 1383 1385 1390 1393 1395 1398 1399 1402 1403 1409 1414 1415 1416 1418 1419 1421 1424 1429 1431 1434 1436 1439 1440 1441 1443 1444 1445 1447 1451 1452 1453 1454 1455 1457 1462 1463 1464 1468 1469 1470 1471 1472 1473 1476 1478 1482 1484 1486 1487 1488 1491 1492 1496 1499 1500 1504 1506 1508 1509 1510 1511 1512 1516 1517 1519 1522 1523 1527 1529 1531 1533 1535 1536 1538 1541 1544 1545 1546 1548 1549 1550 1555 1558 1560 1561 1567 1569 1572 1578 1583 1584 1585 1586 1589 1595 1597 1598 1600 1602 1604 1607 1608 1610 1611 1612 1613 1618 1619 1621 1623 1624 1626 1627 1628 1632 1636 1637 1639 1643 1646 1647 1648 1654 1657 1660 1661 1662 1666 1667 1670 1672 1673 1674 1676 1677 1679 1681 1688 1689 1690 1693 1694 1695 1699 1700 1701 1703 1706 1707 1711 1712 1714 1717 1718 1720 1721 1723 1725 1726 1728 1735 1739 1741 1742 1744 1745 1746 1750 1751 1752 1754 1755 1756 1758 1759 1761 1764 1765 1766 1767 1768 1769 1771 1772 1773 1776 1778 1779 1782 1783 1784 1791 1792 1793 1794 1795 1797 1799 1801 1803 1804 1806 1807 1808 1810 1812 1813 1814 1815 1816 1817 1818 1819 1820 2017
Hoogeveen,/home/research/w.yanwang/Telescope-Searching-Problem/data_RTSS_0518/large/filtered_GW191219_163120_7dt.csv,1600,50,1,1039,0.558567,1170.88,7.56138,0 1 287 1243 1814 1703 1354 1157 1447 726 48 253 529 828 976 337 592 713 494 575 833 1468 1519 1463 1118 1679 1026 865 715 448 463 240 28 38 192 95 363 116 19 30 56 104 289 458 625 660 500 373 265 311 374 512 524 321 334 354 351 344 329 336 328 365 330 1160 1549 1611 1111 1200 1648 1817 1901 1695 1375 1320 982 1008 962 1311 1380 1126 1290 1544 1531 1819 1069 844 650 691 857 1054 1000 863 858 811 682 720 902 846 605 623 734 941 522 751 899 916 773 1013 1343 1764 1782 1491 1750 1707 1583 1473 1859 1718 1735 1383 1163 1441 1133 1216 1202 1316 1419 1064 1028 1016 953 968 972 818 774 830 768 823 852 686 616 639 630 717 1357 1368 1085 871 1038 1271 1314 1134 1219 1340 1721 1402 1818 1569 1751 1918 1723 1602 1486 1416 1626 1673 1921 1830 1759 1604 1306 1188 1044 1223 1363 1589 1810 1689 1373 1451 1167 1011 967 943 1097 1059 1244 1279 1455 1843 1429 1746 1773 1561 1637 1822 1820 1829 1600 1567 1453 1225 1329 1510 1646 1745 1910 1826 1527 1470 1512 1315 1112 1063 958 841 856 748 725 617 585 513 482 474 793 887 924 1273 1115 1036 1409 1907 1874 1443 1068 874 624 486 387 423 495 546 753 784 942 875 684 566 441 369 307 340 437 645 727 847 1034 1061 1143 1072 965 876 783 693 433 595 789 891 990 1025 1267 1299 1374 1632 1613 1726 1523 1303 1127 1030 917 279 207 134 78 126 246 443 320 523 352 294 244 220 186 201 335 382 490 504 405 317 603 607 687 826 907 792 696 935 771 667 554 377 283 272 282 260 353 540 719 608 763 642 612 410 509 514 383 270 306 297 281 316 407 593 357 345 475 533 714 819 802 704 497 733 755 904 838 1050 1114 1280 1496 1538 1768 1612 1346 1317 1677 1872 1894 1857 1933 1888 1469 1037 511 362 572 747 809 991 1102 1291 1089 1457 1187 1060 969 926 1049 1242 1529 1712 1517 1177 1337 1674 1164 1289 1706 1839 1742 1913 1794 1849 1399 1488 1598 1714 1792 1595 1865 1297 1021 547 880 759 447 80 46 61 26 49 34 157 291 194 204 302 450 656 756 1079 1184 1424 1499 1688 1623 1452 1116 1101 1701 1586 1395 1578 1739 1717 1833 1864 1758 1584 1390 1046 808 722 978 465 251 42 21 12 15 37 24 9 8 7 1238 1065 827 421 626 641 499 339 182 112 278 758 468 68 180 140 147 185 131 175 277 401 591 569 742 832 915 1014 1193 1285 1351 1464 1560 1610 1681 1784 1855 1863 1728 1647 1478 1385 1339 1298 1174 1092 1043 947 778 671 635 445 342 228 164 145 170 223 214 176 231 312 400 507 640 728 853 986 1084 1155 1226 1333 1434 1511 1585 1741 1875 1791 1608 1541 1546 1436 1342 1185 1100 954 840 738 638 510 424 323 314 254 257 461 367 366 414 435 518 637 735 855 975 1098 1312 1440 1535 1624 1799 1842 1902 1772 1572 1415 1277 1108 952 845 749 613 578 551 541 576 646 746 560 338 397 301 187 122 160 150 154 121 177 229 295 399 536 628 765 1004 864 1153 998 882 804 787 676 794 821 869 995 1117 1261 1421 1558 1755 1917 1823 1660 1509 1330 1258 1121 1007 1056 913 1341 1169 1313 1358 1445 1548 1690 1813 1867 1711 1676 1666 1506 1643 1369 1019 1123 1619 1192 1454 1903 1393 1178 1621 966 123 44 911 1048 788 542 698 903 1212 1699 1934 1377 1236 1482 1487 1165 1803 1361 1414 1828 1847 1500 1150 1287 1042 836 647 526 672 854 885 680 631 834 1113 1135 1325 1051 883 697 543 389 349 483 535 390 239 168 248 378 332 208 520 652 886 1168 1055 695 824 598 515 346 438 209 129 70 128 198 347 521 355 429 884 618 453 602 837 1208 1607 1195 1657 1137 781 539 309 379 238 75 173 171 189 222 212 117 67 33 58 43 13 36 32 16 3 22 5 14 35 2 4 6 17 18 23 29 41 27 54 144 141 564 449 292 467 621 807 1017 1120 1321 1484 1661 1815 1555 1431 1268 1175 1550 1378 1462 1882 1881 1922 1845 1476 1793 1263 1129 927 703 879 786 1015 493 249 411 565 1110 1286 1439 1840 1356 1618 1816 1639 1492 1095 889 1158 1023 825 873 679 550 380 11 25 57 241 40 10 31 20 39 232 64 151 271 451 683 553 359 285 109 59 72 91 111 142 90 127 162 226 430 261 152 305 505 669 775 829 1138 1221 1418 1278 1779 1928 1636 1508 1444 1211 1058 843 1067 960 393 571 325 211 199 155 252 364 559 609 761 710 848 711 476 298 408 275 406 501 619 777 870 936 1071 1182 1251 1336 1472 1533 1597 1654 1767 1795 1832 1904 1911 1900 1879 1808 1801 1769 1672 1670 1694 1522 1471 1403 1305 1080 984 1041 800 688 534 622 806 956 1035 1295 1256 1376 1628 1662 1700 1804 1766 1744 1771 1765 1720 1725 1752 1761 1756 1835 1899 1893 1862 1797 1806 1846 1807 1837 1890 1853 1778 1812 1825 1923 1783 1834 1856 1880 1909 1754 1627 1545 1355 1213 1022 866 1033 1140 1301 1504 1693 1915 1667 1338 1516 1776 1207 1398 1536 1878 1858 1929 1930 1931 1936 1941 1942 1945 1947 1949 1950 1951 1952 1957 1959 1963 1964 1966 1967 1971 1972 1973 1974 1977 1979 1980 1981 1986 1991 1992 1994 1995 1997 1998 2000 2001 2006 2011 2012 2013 2014 2015 2016 2017 2017
Gurobi,/home/research/w.yanwang/Telescope-Searching-Problem/data_RTSS_0518/large/filtered_GW191219_163120_7dt.csv,1600,50,1,888,0.558563,1478.52,1203.69,0 3 1828 1751 1782 520 1138 9 1583 151 176 1546 1354 1829 1329 1845 1612 1942 365 1545 1888 1071 70 551 468 90 127 1016 421 608 804 1703 1907 1814 1108 1478 374 389 373 612 1169 1178 411 1021 789 1043 1137 1820 1068 393 339 357 550 1977 911 122 1015 332 2001 1950 759 1044 1339 1911 1830 866 1226 676 414 410 1717 11 117 1711 1766 27 1157 846 763 1648 1538 150 1931 192 1500 1158 424 1662 837 1286 1061 1060 903 1548 253 966 1963 1815 734 733 1244 1298 711 535 104 1756 534 43 36 344 1676 1409 1452 1894 1812 800 1023 915 4 8 451 829 873 1608 686 1468 1289 679 1441 1646 687 1714 46 976 1847 1725 72 913 1516 2014 1793 1098 603 1864 1280 598 565 1064 1202 660 1681 1741 1358 1619 24 1028 1030 746 1084 121 44 1356 20 21 1778 1168 1464 1313 1115 134 39 1080 1454 1457 585 875 1739 447 619 1627 569 312 209 208 1674 1720 214 1305 871 1000 1462 294 715 1567 693 645 727 882 883 164 145 761 1636 301 1135 1325 515 1004 1509 1079 621 458 684 1695 512 1677 1051 1699 572 201 31 229 1923 397 710 1277 1056 1654 1929 1585 524 756 725 246 279 475 703 1346 826 827 1320 91 1934 501 553 323 231 1440 1997 1037 1933 1163 825 1639 1338 1700 499 1859 1875 1117 899 1721 540 1882 683 80 144 78 2000 1256 1 1604 1759 818 369 19 64 1375 1818 1613 1357 336 277 379 380 1133 271 936 48 1742 968 1572 1175 787 788 1333 1936 1041 112 927 1192 349 698 1385 1872 129 1506 576 1251 507 406 1415 1120 591 270 536 984 405 749 241 261 1403 1899 170 1706 1768 857 622 902 1101 109 1067 476 16 1621 771 317 320 575 1374 1261 1208 1069 111 1390 1026 1297 1399 437 1373 1219 847 887 886 1835 238 1755 774 775 289 1121 1808 160 650 1799 244 1143 1647 1791 542 1421 809 758 880 1439 1444 1113 505 278 511 1957 1792 777 1393 680 461 1986 260 539 522 337 773 128 131 1666 1517 1134 32 1776 1431 1558 1951 806 1879 41 1804 1007 1761 1878 1321 838 1242 1055 1013 222 1754 1342 1586 592 1223 306 617 991 383 1033 1058 751 1238 742 157 1398 1195 154 688 1900 1600 335 307 346 207 834 1966 1377 441 316 22 876 199 33 735 26 1773 840 778 1216 1998 14 917 1893 969 823 865 863 1544 1602 1486 1840 1728 1555 828 1025 1496 220 1267 1626 864 956 1535 1772 1643 328 605 1947 1769 1967 1355 854 719 942 628 1153 1150 1607 518 626 23 272 697 211 177 853 95 1343 1436 182 1624 1330 2011 504 1862 28 239 1981 1660 1858 637 638 1472 497 408 1910 59 1042 786 1213 1504 1095 954 869 232 175 1164 1072 990 1855 252 305 1511 1316 1673 2 1797 1806 1484 1701 1451 1661 10 1046 366 1949 965 1618 1482 722 1378 1368 1402 500 1337 362 982 978 1973 682 935 1369 1050 907 1129 18 490 1184 1492 352 465 1519 1679 1380 155 171 1913 1011 291 292 870 669 342 1959 228 493 1306 15 223 848 2016 67 435 1048 12 1816 1825 42 185 1890 1111 1491 967 38 802 1317 1529 1726 1336 1424 311 639 793 1735 1476 1584 926 1843 1795 1487 30 1116 285 351 1174 623 641 378 1311 1038 275 533 972 755 513 1826 1207 593 1188 1561 1036 430 433 453 450 652 54 265 546 1657 821 1512 958 509 387 720 37 338 1531 1065 302 1849 1488 1341 618 495 595 738 1236 884 187 1434 449 249 251 1211 483 1979 1522 836 257 1863 1063 1263 49 1035 13 602 1022 1097 1470 1750 142 147 960 355 1964 1017 843 625 281 547 329 282 1536 399 34 953 377 1034 401 287 340 819 1693 1632 728 1019 691 904 1429 830 1928 40 1904 1771 642 521 781 226 609 845 126 1471 630 874 254 523 832 152 1447 162 747 748 1273 17 647 1670 2017 1952 794 631 1291 952 1258 474 1445 2012 1118 1312 1853 1541 1177 962 141 1794 696 1767 1881 811 672 1764 445 635 1865 889 1112 924 1901 494 140 998 1779 1278 1127 1126 116 667 695 1578 564 2006 367 295 1667 1014 5 438 714 765 1285 1597 1801 613 784 1140 1918 1100 7 6 347 1752 325 1523 753 123 382 186 400 1182 407 1922 1123 824 541 858 486 916 1833 1758 1414 429 1463 194 1510 616 624 1637 168 29 1823 1299 1287 554 1395 704 1453 354 1856 986 1832 423 656 1689 240 1857 578 1303 1301 1694 1527 1842 1221 1945 198 1185 879 1110 560 1813 807 808 713 526 1160 833 1550 1834 1783 1569 1499 1271 2017
